Id_Municipio_Dane,Nombre_Municipio,Id_Departamento_Dane,Nombre_Departamento,Predial_Eje_X,Predial_Eje_Y,Categoria_Potencial
81220,Cravo Norte,81,Arauca,-1.0,-0.9585547290116897,Estaticos
13440,Margarita,13,Bolívar,-0.9939516129032258,-0.953241232731137,Estaticos
5234,Dabeiba,5,Antioquia,-0.9909274193548387,-0.5377258235919236,Estaticos
94001,Inírida,94,Guainía,-0.9879032258064516,-0.3294367693942615,Estaticos
41357,Iquira,41,Huila,-0.9788306451612904,-0.7481402763018066,Estaticos
13580,Regidor,13,Bolívar,-0.969758064516129,-0.8575982996811902,Estaticos
47170,Chibolo,47,Magdalena,-0.966733870967742,-0.7332624867162594,Estaticos
73236,Dolores,73,Tolima,-0.9657258064516129,-0.7236981934112646,Estaticos
52612,Ricaurte,52,Nariño,-0.9627016129032258,-0.3475026567481403,Estaticos
23678,San Carlos,23,Córdoba,-0.9596774193548387,-0.6036131774707758,Estaticos
47053,Aracataca,47,Magdalena,-0.9566532258064516,-0.48034006376195537,Estaticos
19397,La Vega,19,Cauca,-0.9536290322580645,-0.9117959617428267,Estaticos
13248,El Guamo,13,Bolívar,-0.9506048387096774,-0.8767268862911796,Estaticos
19364,Jambaló,19,Cauca,-0.9445564516129032,-0.5058448459086078,Estaticos
52352,Iles,52,Nariño,-0.938508064516129,-0.8788522848034006,Estaticos
19585,Puracé,19,Cauca,-0.935483870967742,-0.8374070138150903,Estaticos
15673,San Mateo,15,Boyacá,-0.9344758064516129,-0.8214665249734325,Estaticos
19743,Silvia,19,Cauca,-0.9334677419354839,-0.3007438894792773,Estaticos
54051,Arboledas,54,Norte de Santander,-0.9324596774193549,-0.824654622741764,Estaticos
15368,Jericó,15,Boyacá,-0.9294354838709677,-0.9489904357066951,Estaticos
52207,Consaca,52,Nariño,-0.9284274193548387,-0.8512221041445271,Estaticos
15755,Socotá,15,Boyacá,-0.9254032258064516,-0.8671625929861849,Estaticos
13300,Hatillo de Loba,13,Bolívar,-0.9223790322580645,-0.9776833156216791,Estaticos
54245,El Carmen,54,Norte de Santander,-0.9213709677419355,-0.7630180658873539,Estaticos
47258,El Piñon,47,Magdalena,-0.9183467741935484,-0.7715196599362381,Estaticos
95200,Miraflores,95,Guaviare,-0.9153225806451613,-0.5345377258235919,Estaticos
15218,Covarachía,15,Boyacá,-0.9143145161290323,-0.9681190223166843,Estaticos
85015,Chameza,85,Casanare,-0.9133064516129032,-0.9426142401700319,Estaticos
47318,Guamal,47,Magdalena,-0.9122983870967742,-0.8416578108395324,Estaticos
52215,Córdoba,52,Nariño,-0.9092741935483871,-0.9383634431455898,Estaticos
52685,San Bernardo,52,Nariño,-0.908266129032258,-0.9617428267800212,Estaticos
25805,Tibacuy,25,Cundinamarca,-0.905241935483871,-0.42826780021253985,Estaticos
52323,Gualmatán,52,Nariño,-0.9022177419354839,-0.7364505844845909,Estaticos
47189,Ciénaga,47,Magdalena,-0.8991935483870968,-0.08076514346439956,Estaticos
8421,Luruaco,8,Atlántico,-0.8981854838709677,-0.5557917109458024,Estaticos
15317,Guacamayas,15,Boyacá,-0.8951612903225806,-0.895855472901169,Estaticos
47692,San Sebastián de Buenavista,47,Magdalena,-0.8921370967741935,-0.8076514346439958,Estaticos
15723,Sativasur,15,Boyacá,-0.8911290322580645,-0.9670563230605739,Estaticos
15491,Nobsa,15,Boyacá,-0.8901209677419355,0.04250797024442088,Desaceledaro
13655,San Jacinto del Cauca,13,Bolívar,-0.8870967741935484,-0.9840595111583422,Estaticos
73770,Suárez,73,Tolima,-0.8860887096774194,-0.5292242295430394,Estaticos
13654,San Jacinto,13,Bolívar,-0.8830645161290323,-0.6971307120085015,Estaticos
54223,Cucutilla,54,Norte de Santander,-0.8820564516129032,-0.8363443145589798,Estaticos
73547,Piedras,73,Tolima,-0.8810483870967742,-0.5196599362380446,Estaticos
25279,Fomeque,25,Cundinamarca,-0.8800403225806451,-0.2380446333687567,Estaticos
63212,Córdoba,63,Quindío,-0.877016129032258,-0.5993623804463337,Estaticos
52079,Barbacoas,52,Nariño,-0.876008064516129,-0.24654622741764076,Estaticos
76845,Ulloa,76,Valle del Cauca,-0.875,-0.34112646121147716,Estaticos
41676,Santa María,41,Huila,-0.873991935483871,-0.6567481402763018,Estaticos
15638,Sáchica,15,Boyacá,-0.872983870967742,-0.7279489904357067,Estaticos
54347,Herrán,54,Norte de Santander,-0.8719758064516129,-0.9277364505844846,Estaticos
15774,Susacón,15,Boyacá,-0.8709677419354839,-0.926673751328374,Estaticos
85279,Recetor,85,Casanare,-0.8699596774193549,-0.9521785334750266,Estaticos
27245,El Carmen de Atrato,27,Chocó,-0.8689516129032258,-0.7768331562167906,Estaticos
19760,Sotara,19,Cauca,-0.8679435483870968,-0.4835281615302869,Estaticos
47161,Cerro San Antonio,47,Magdalena,-0.8669354838709677,-0.9723698193411264,Estaticos
15879,Viracachá,15,Boyacá,-0.8639112903225806,-0.8034006376195537,Estaticos
5690,Santo Domingo,5,Antioquia,-0.8629032258064516,-0.4558979808714134,Estaticos
15621,Rondón,15,Boyacá,-0.8598790322580645,-0.8650371944739639,Estaticos
19137,Caldono,19,Cauca,-0.8568548387096774,-0.5866099893730075,Estaticos
15778,Sutatenza,15,Boyacá,-0.8558467741935484,-0.7130712008501594,Estaticos
25148,Caparrapí,25,Cundinamarca,-0.8548387096774194,-0.39426142401700315,Estaticos
41801,Teruel,41,Huila,-0.8538306451612903,-0.7747077577045696,Estaticos
41503,Oporapa,41,Huila,-0.8528225806451613,-0.922422954303932,Estaticos
73270,Falan,73,Tolima,-0.8518145161290323,-0.6461211477151966,Estaticos
15842,Umbita,15,Boyacá,-0.8508064516129032,-0.4537725823591924,Estaticos
25572,Puerto Salgar,25,Cundinamarca,-0.8497983870967742,0.15196599362380447,Desaceledaro
85315,Sácama,85,Casanare,-0.8487903225806451,-0.9787460148777896,Estaticos
52022,Aldana,52,Nariño,-0.8477822580645161,-0.8533475026567481,Estaticos
52885,Yacuanquer,52,Nariño,-0.8467741935483871,-0.8937300743889479,Estaticos
23675,San Bernardo del Viento,23,Córdoba,-0.845766129032258,-0.7991498405951116,Estaticos
15696,Santa Sofía,15,Boyacá,-0.844758064516129,-0.8597236981934113,Estaticos
54743,Silos,54,Norte de Santander,-0.84375,-0.8480340063761955,Estaticos
25807,Tibirita,25,Cundinamarca,-0.842741935483871,-0.7311370882040382,Estaticos
15690,Santa María,15,Boyacá,-0.841733870967742,-0.4952178533475027,Estaticos
73873,Villarica,73,Tolima,-0.8407258064516129,-0.8809776833156217,Estaticos
8560,Ponedera,8,Atlántico,-0.8377016129032258,-0.4973432518597237,Estaticos
19355,Inzá,19,Cauca,-0.8366935483870968,-0.5047821466524973,Estaticos
76670,San Pedro,76,Valle del Cauca,-0.8356854838709677,-0.14452709883103076,Estaticos
25281,Fosca,25,Cundinamarca,-0.8346774193548387,-0.6716259298618491,Estaticos
52051,Arboleda,52,Nariño,-0.8316532258064516,-0.9351753453772582,Estaticos
52354,Imués,52,Nariño,-0.8286290322580645,-0.8554729011689692,Estaticos
66456,Mistrató,66,Risaralda,-0.8276209677419355,-0.7789585547290117,Estaticos
52210,Contadero,52,Nariño,-0.8245967741935484,-0.9181721572794899,Estaticos
54398,La Playa,54,Norte de Santander,-0.8215725806451613,-0.9107332624867163,Estaticos
54174,Chitagá,54,Norte de Santander,-0.8185483870967742,-0.6928799149840594,Estaticos
73152,Casabianca,73,Tolima,-0.8175403225806451,-0.8065887353878852,Estaticos
68468,Molagavita,68,Santander,-0.8165322580645161,-0.8862911795961743,Estaticos
52573,Puerres,52,Nariño,-0.813508064516129,-0.8565356004250797,Estaticos
54480,Mutiscua,54,Norte de Santander,-0.8125,-0.6758767268862912,Estaticos
15660,San Eduardo,15,Boyacá,-0.811491935483871,-0.8522848034006376,Estaticos
15537,Paz de Río,15,Boyacá,-0.8084677419354839,-0.5579171094580233,Estaticos
41483,Nátaga,41,Huila,-0.8054435483870968,-0.8799149840595112,Estaticos
73861,Venadillo,73,Tolima,-0.8044354838709677,-0.19128586609989373,Estaticos
15897,Zetaquira,15,Boyacá,-0.8034274193548387,-0.6748140276301806,Estaticos
19110,Buenos Aires,19,Cauca,-0.8024193548387097,-0.6737513283740701,Estaticos
5649,San Carlos,5,Antioquia,-0.8014112903225806,-0.28905419766206164,Estaticos
15522,Panqueba,15,Boyacá,-0.8004032258064516,-0.8990435706695006,Estaticos
15135,Campohermoso,15,Boyacá,-0.7993951612903226,-0.6981934112646121,Estaticos
5113,Buriticá,5,Antioquia,-0.7983870967741935,-0.7757704569606801,Estaticos
76233,Dagua,76,Valle del Cauca,-0.7953629032258065,0.01381509032943673,Desaceledaro
54128,Cachirá,54,Norte de Santander,-0.7943548387096774,-0.5982996811902231,Estaticos
68780,Suratá,68,Santander,-0.7933467741935484,-0.7290116896918173,Estaticos
25339,Gutiérrez,25,Cundinamarca,-0.7923387096774194,-0.7948990435706695,Estaticos
76250,El Dovio,76,Valle del Cauca,-0.7913306451612903,-0.42082890541976625,Estaticos
85400,Támara,85,Casanare,-0.7903225806451613,-0.8310308182784272,Estaticos
13473,Morales,13,Bolívar,-0.7893145161290323,-0.7205100956429331,Estaticos
13760,Soplaviento,13,Bolívar,-0.7883064516129032,-0.9659936238044633,Estaticos
25299,Gama,25,Cundinamarca,-0.7872983870967742,-0.798087141339001,Estaticos
41872,Villavieja,41,Huila,-0.7842741935483871,-0.5526036131774708,Estaticos
13600,Río Viejo,13,Bolívar,-0.783266129032258,-0.8894792773645058,Estaticos
17433,Manzanares,17,Caldas,-0.782258064516129,-0.5759829968119022,Estaticos
15720,Sativanorte,15,Boyacá,-0.78125,-0.9458023379383634,Estaticos
52317,Guachucal,52,Nariño,-0.780241935483871,-0.7407013815090329,Estaticos
73200,Coello,73,Tolima,-0.779233870967742,-0.5069075451647184,Estaticos
5585,Puerto Nare,5,Antioquia,-0.7782258064516129,-0.26142401700318807,Estaticos
50287,Fuente de Oro,50,Meta,-0.7752016129032258,-0.11583421891604673,Estaticos
23079,Buenavista,23,Córdoba,-0.7721774193548387,-0.2911795961742827,Estaticos
52258,El Tablón de Gómez,52,Nariño,-0.7711693548387097,-0.9436769394261424,Estaticos
15047,Aquitania,15,Boyacá,-0.7701612903225806,-0.1923485653560042,Estaticos
15215,Corrales,15,Boyacá,-0.7691532258064516,-0.8682252922422955,Estaticos
52560,Potosí,52,Nariño,-0.7681451612903226,-0.9096705632306057,Estaticos
54553,Puerto Santander,54,Norte de Santander,-0.7671370967741935,-0.7470775770456961,Estaticos
17388,La Merced,17,Caldas,-0.7661290322580645,-0.6323060573857598,Estaticos
86749,Sibundoy,86,Putumayo,-0.7651209677419355,-0.4760892667375133,Estaticos
76109,Buenaventura,76,Valle del Cauca,-0.7620967741935484,0.7991498405951116,Desaceledaro
25845,Une,25,Cundinamarca,-0.7610887096774194,-0.4155154091392136,Estaticos
15480,Muzo,15,Boyacá,-0.7600806451612903,-0.8044633368756642,Estaticos
52405,Leiva,52,Nariño,-0.7570564516129032,-0.971307120085016,Estaticos
54377,Labateca,54,Norte de Santander,-0.7540322580645161,-0.822529224229543,Estaticos
27205,Condoto,27,Chocó,-0.751008064516129,-0.7258235919234857,Estaticos
50680,San Carlos de Guaroa,50,Meta,-0.75,-0.14240170031880983,Estaticos
47030,Algarrobo,47,Magdalena,-0.748991935483871,-0.7173219978746015,Estaticos
66383,La Celia,66,Risaralda,-0.7459677419354839,-0.5770456960680128,Estaticos
52585,Pupiales,52,Nariño,-0.7449596774193548,-0.3995749202975558,Estaticos
15776,Sutamarchán,15,Boyacá,-0.7439516129032258,-0.5281615302869288,Estaticos
86571,Puerto Guzmán,86,Putumayo,-0.7429435483870968,-0.716259298618491,Estaticos
15090,Berbeo,15,Boyacá,-0.7419354838709677,-0.8320935175345378,Estaticos
54385,La Esperanza,54,Norte de Santander,-0.7409274193548387,-0.23273113708820403,Estaticos
23670,San Andrés Sotavento,23,Córdoba,-0.7399193548387097,-0.61211477151966,Estaticos
52320,Guaitarilla,52,Nariño,-0.7389112903225806,-0.8150903294367694,Estaticos
8520,Palmar de Varela,8,Atlántico,-0.7358870967741935,-0.43995749202975554,Estaticos
54313,Gramalote,54,Norte de Santander,-0.7348790322580645,-0.7778958554729012,Estaticos
15820,Tópaga,15,Boyacá,-0.7338709677419355,-0.8639744952178534,Estaticos
15114,Busbanzá,15,Boyacá,-0.7308467741935484,-0.9851222104144527,Estaticos
13490,Norosí,13,Bolívar,-0.7278225806451613,-0.997874601487779,Estaticos
15104,Boyacá,15,Boyacá,-0.7268145161290323,-0.6418703506907546,Estaticos
86573,Leguízamo,86,Putumayo,-0.7258064516129032,-0.7842720510095643,Estaticos
25436,Manta,25,Cundinamarca,-0.7247983870967742,-0.5100956429330499,Estaticos
25178,Chipaque,25,Cundinamarca,-0.7237903225806452,-0.39107332624867164,Estaticos
73226,Cunday,73,Tolima,-0.7227822580645161,-0.5430393198724761,Estaticos
19693,San Sebastián,19,Cauca,-0.719758064516129,-0.7109458023379384,Estaticos
15632,Saboyá,15,Boyacá,-0.71875,-0.27736450584484595,Estaticos
95025,El Retorno,95,Guaviare,-0.7157258064516129,-0.33049946865037194,Estaticos
5543,Peque,5,Antioquia,-0.7147177419354839,-0.7725823591923486,Estaticos
13212,Córdoba,13,Bolívar,-0.7137096774193548,-0.4718384697130712,Estaticos
15425,Macanal,15,Boyacá,-0.7127016129032258,-0.7800212539851222,Estaticos
54660,Salazar,54,Norte de Santander,-0.7116935483870968,-0.6301806588735388,Estaticos
68425,Macaravita,68,Santander,-0.7106854838709677,-0.8544102019128587,Estaticos
85300,Sabanalarga,85,Casanare,-0.7096774193548387,-0.35600425079702447,Estaticos
5206,Concepción,5,Antioquia,-0.7066532258064516,-0.4378320935175345,Estaticos
47058,Ariguaní,47,Magdalena,-0.7036290322580645,-0.2869287991498406,Estaticos
13647,San Estanislao,13,Bolívar,-0.7026209677419355,-0.869287991498406,Estaticos
5361,Ituango,5,Antioquia,-0.7016129032258065,-0.4335812964930924,Estaticos
44078,Barrancas,44,La Guajira,-0.7006048387096775,-0.37513283740701386,Estaticos
13650,San Fernando,13,Bolívar,-0.6995967741935484,-0.8108395324123273,Estaticos
25086,Beltrán,25,Cundinamarca,-0.6965725806451613,-0.36875664187035073,Estaticos
15296,Gameza,15,Boyacá,-0.6955645161290323,-0.8087141339001063,Estaticos
13006,Achí,13,Bolívar,-0.6945564516129032,-0.8841657810839533,Estaticos
52224,Cuaspud,52,Nariño,-0.6935483870967742,-0.8235919234856536,Estaticos
15676,San Miguel de Sema,15,Boyacá,-0.6925403225806452,-0.19659936238044629,Estaticos
13667,San Martín de Loba,13,Bolívar,-0.689516129032258,-0.9893730074388948,Estaticos
68344,Hato,68,Santander,-0.688508064516129,-0.7513283740701382,Estaticos
41799,Tello,41,Huila,-0.6875,-0.5451647183846972,Estaticos
70713,San Onofre,70,Sucre,-0.686491935483871,-0.6142401700318809,Estaticos
54820,Toledo,54,Norte de Santander,-0.6834677419354839,-0.585547290116897,Estaticos
73319,Guamo,73,Tolima,-0.6824596774193548,0.10201912858660989,Desaceledaro
68271,Florián,68,Santander,-0.6814516129032258,-0.6950053134962806,Estaticos
17524,Palestina,17,Caldas,-0.6804435483870968,0.06269925611052063,Desaceledaro
15464,Mongua,15,Boyacá,-0.6794354838709677,-0.8299681190223167,Estaticos
86755,San Francisco,86,Putumayo,-0.6784274193548387,-0.9373007438894793,Estaticos
41349,Hobo,41,Huila,-0.6774193548387097,-0.691817215727949,Estaticos
15761,Somondoco,15,Boyacá,-0.6743951612903225,-0.7906482465462275,Estaticos
13894,Zambrano,13,Bolívar,-0.6733870967741935,-0.4495217853347503,Estaticos
47798,Tenerife,47,Magdalena,-0.6723790322580645,-0.8926673751328374,Estaticos
25885,Yacopí,25,Cundinamarca,-0.6713709677419355,-0.5111583421891605,Estaticos
15377,Labranzagrande,15,Boyacá,-0.6703629032258065,-0.8852284803400637,Estaticos
73520,Palocabildo,73,Tolima,-0.6693548387096775,-0.7863974495217854,Estaticos
23350,La Apartada,23,Córdoba,-0.6663306451612903,-0.40595111583421895,Estaticos
47570,Puebloviejo,47,Magdalena,-0.6653225806451613,-0.7003188097768331,Estaticos
15542,Pesca,15,Boyacá,-0.6622983870967742,-0.5472901168969182,Estaticos
25645,San Antonio del Tequendama,25,Cundinamarca,-0.6612903225806452,-0.08714133900106269,Estaticos
41530,Palestina,41,Huila,-0.6602822580645161,-0.8193411264612115,Estaticos
52506,Ospina,52,Nariño,-0.6592741935483871,-0.9075451647183848,Estaticos
15455,Miraflores,15,Boyacá,-0.65625,-0.46652497343251864,Estaticos
15189,Ciénega,15,Boyacá,-0.655241935483871,-0.5674814027630181,Estaticos
54520,Pamplonita,54,Norte de Santander,-0.654233870967742,-0.7013815090329436,Estaticos
25779,Susa,25,Cundinamarca,-0.6532258064516129,-0.34856535600425076,Estaticos
68572,Puente Nacional,68,Santander,-0.6522177419354839,-0.1806588735387885,Estaticos
15183,Chita,15,Boyacá,-0.6491935483870968,-0.6992561105207227,Estaticos
19701,Santa Rosa,19,Cauca,-0.6481854838709677,-0.9936238044633369,Estaticos
15180,Chiscas,15,Boyacá,-0.6451612903225806,-0.6833156216790648,Estaticos
25326,Guatavita,25,Cundinamarca,-0.6441532258064516,-0.21785334750265672,Estaticos
52720,Sapuyes,52,Nariño,-0.6431451612903225,-0.749202975557917,Estaticos
68298,Gambita,68,Santander,-0.6401209677419355,-0.5419766206163656,Estaticos
8558,Polonuevo,8,Atlántico,-0.6391129032258065,-0.4452709883103082,Estaticos
15762,Sora,15,Boyacá,-0.6381048387096775,-0.9054197662061636,Estaticos
68500,Oiba,68,Santander,-0.6370967741935484,-0.3177470775770457,Estaticos
17446,Marulanda,17,Caldas,-0.6360887096774194,-0.5738575982996812,Estaticos
5495,Nechí,5,Antioquia,-0.6330645161290323,-0.7970244420828906,Estaticos
27787,Tadó,27,Chocó,-0.6300403225806452,-0.45908607863974493,Estaticos
23672,San Antero,23,Córdoba,-0.6290322580645161,-0.08501594048884165,Estaticos
54261,El Zulia,54,Norte de Santander,-0.626008064516129,-0.4293304994686503,Estaticos
15276,Floresta,15,Boyacá,-0.625,-0.8777895855472901,Estaticos
70771,Sucre,70,Sucre,-0.623991935483871,-0.9064824654622742,Estaticos
15162,Cerinza,15,Boyacá,-0.6209677419354839,-0.8660998937300743,Estaticos
23686,San Pelayo,23,Córdoba,-0.6199596774193548,-0.26992561105207225,Estaticos
25740,Sibaté,25,Cundinamarca,-0.6189516129032258,0.1700318809776833,Desaceledaro
85440,Villanueva,85,Casanare,-0.6179435483870968,-0.11370882040382568,Estaticos
5091,Betania,5,Antioquia,-0.6169354838709677,-0.22848034006376194,Estaticos
52694,San Pedro de Cartago,52,Nariño,-0.6159274193548387,-0.9287991498405951,Estaticos
25335,Guayabetal,25,Cundinamarca,-0.6129032258064516,-0.8023379383634431,Estaticos
15810,Tipacoque,15,Boyacá,-0.6118951612903225,-0.9128586609989373,Estaticos
41378,La Argentina,41,Huila,-0.6108870967741935,-0.7300743889479278,Estaticos
52418,Los Andes,52,Nariño,-0.6098790322580645,-0.9596174282678002,Estaticos
68211,Contratación,68,Santander,-0.6088709677419355,-0.7651434643995749,Estaticos
27025,Alto Baudo,27,Chocó,-0.6058467741935484,0.1923485653560042,Desaceledaro
70400,La Unión,70,Sucre,-0.6048387096774194,-0.793836344314559,Estaticos
68370,Jordán,68,Santander,-0.6038306451612903,-0.9606801275239107,Estaticos
19824,Totoró,19,Cauca,-0.6008064516129032,-0.6057385759829967,Estaticos
52254,El Peñol,52,Nariño,-0.5997983870967742,-0.9022316684378321,Estaticos
19450,Mercaderes,19,Cauca,-0.5987903225806452,-0.8002125398512221,Estaticos
68245,El Guacamayo,68,Santander,-0.5977822580645161,-0.8055260361317746,Estaticos
73616,Rioblanco,73,Tolima,-0.594758064516129,-0.5462274176408077,Estaticos
73678,San Luis,73,Tolima,-0.59375,-0.5015940488841657,Estaticos
15511,Pachavita,15,Boyacá,-0.592741935483871,-0.6546227417640808,Estaticos
95001,San José del Guaviare,95,Guaviare,-0.591733870967742,-0.028692879914984037,Estaticos
5284,Frontino,5,Antioquia,-0.5907258064516129,-0.5515409139213603,Estaticos
66687,Santuario,66,Risaralda,-0.5877016129032258,-0.30605738575983,Estaticos
73030,Ambalema,73,Tolima,-0.5866935483870968,-0.24229543039319867,Estaticos
54670,San Calixto,54,Norte de Santander,-0.5836693548387097,-0.9798087141339001,Estaticos
66440,Marsella,66,Risaralda,-0.5826612903225806,-0.279489904357067,Estaticos
70523,Palmito,70,Sucre,-0.5816532258064516,-0.6206163655685442,Estaticos
15212,Coper,15,Boyacá,-0.5786290322580645,-0.7215727948990436,Estaticos
41206,Colombia,41,Huila,-0.5776209677419355,-0.89798087141339,Estaticos
27361,Istmina,27,Chocó,-0.5745967741935484,-0.15940488841657807,Estaticos
47541,Pedraza,47,Magdalena,-0.5735887096774194,-1.0,Estaticos
15740,Siachoque,15,Boyacá,-0.5705645161290323,-0.6004250797024442,Estaticos
70508,Ovejas,70,Sucre,-0.5695564516129032,-0.7534537725823591,Estaticos
85430,Trinidad,85,Casanare,-0.5675403225806452,-0.5727948990435707,Estaticos
68324,Guavatá,68,Santander,-0.564516129032258,-0.6780021253985122,Estaticos
20570,Pueblo Bello,20,Cesar,-0.561491935483871,-0.6578108395324123,Estaticos
76377,La Cumbre,76,Valle del Cauca,-0.560483870967742,-0.20191285866099895,Estaticos
25407,Lenguazaque,25,Cundinamarca,-0.5594758064516129,-0.25398512221041447,Estaticos
68020,Albania,68,Santander,-0.5564516129032258,-0.8278427205100957,Estaticos
17541,Pensilvania,17,Caldas,-0.5554435483870968,-0.28799149840595106,Estaticos
63470,Montenegro,63,Quindío,-0.5524193548387097,0.19022316684378326,Desaceledaro
73675,San Antonio,73,Tolima,-0.5514112903225806,-0.5834218916046758,Estaticos
73024,Alpujarra,73,Tolima,-0.5504032258064516,-0.6790648246546227,Estaticos
76100,Bolívar,76,Valle del Cauca,-0.5493951612903225,-0.259298618490967,Estaticos
68013,Aguada,68,Santander,-0.5483870967741935,-0.9171094580233794,Estaticos
68872,Villanueva,68,Santander,-0.5453629032258065,-0.33793836344314554,Estaticos
5579,Puerto Berrío,5,Antioquia,-0.5443548387096775,0.12539851222104148,Desaceledaro
25288,Fúquene,25,Cundinamarca,-0.5433467741935484,-0.3549415515409139,Estaticos
52435,Mallama,52,Nariño,-0.5403225806451613,-0.8618490967056323,Estaticos
15109,Buenavista,15,Boyacá,-0.5372983870967742,-0.6695005313496281,Estaticos
41791,Tarqui,41,Huila,-0.5362903225806452,-0.6365568544102019,Estaticos
25871,Villagómez,25,Cundinamarca,-0.533266129032258,-0.9341126461211477,Estaticos
63190,Circasia,63,Quindío,-0.532258064516129,-0.015940488841657774,Estaticos
13268,El Peñón,13,Bolívar,-0.53125,-0.9160467587672688,Estaticos
47460,Nueva Granada,47,Magdalena,-0.530241935483871,-0.36025504782146656,Estaticos
13810,Tiquisio,13,Bolívar,-0.529233870967742,-0.9914984059511158,Estaticos
23570,Pueblo Nuevo,23,Córdoba,-0.5282258064516129,-0.09670563230605733,Estaticos
8606,Repelón,8,Atlántico,-0.5272177419354839,-0.5398512221041445,Estaticos
15322,Guateque,15,Boyacá,-0.5262096774193548,-0.2943676939426142,Estaticos
41319,Guadalupe,41,Huila,-0.5252016129032258,-0.538788522848034,Estaticos
50124,Cabuyaro,50,Meta,-0.5241935483870968,-0.22954303931987252,Estaticos
76403,La Victoria,76,Valle del Cauca,-0.5231854838709677,-0.10308182784272046,Estaticos
15092,Betéitiva,15,Boyacá,-0.5221774193548387,-0.9298618490967057,Estaticos
47288,Fundación,47,Magdalena,-0.5191532258064516,-0.30286928799149837,Estaticos
52083,Belén,52,Nariño,-0.5181451612903225,-0.9553666312433581,Estaticos
25781,Sutatausa,25,Cundinamarca,-0.5171370967741935,-0.5642933049946866,Estaticos
27073,Bagadó,27,Chocó,-0.5161290322580645,0.05526036131774714,Desaceledaro
25154,Carmen de Carupa,25,Cundinamarca,-0.5131048387096775,-0.38788522848034,Estaticos
52287,Funes,52,Nariño,-0.5120967741935484,-0.844845908607864,Estaticos
25898,Zipacón,25,Cundinamarca,-0.5090725806451613,-0.26567481402763016,Estaticos
5541,Peñol,5,Antioquia,-0.5080645161290323,-0.07013815090329434,Estaticos
25486,Nemocón,25,Cundinamarca,-0.5070564516129032,-0.057385759829968075,Estaticos
81300,Fortul,81,Arauca,-0.5060483870967742,-0.665249734325186,Estaticos
73352,Icononzo,73,Tolima,-0.5050403225806452,-0.5313496280552603,Estaticos
25372,Junín,25,Cundinamarca,-0.5040322580645161,-0.5037194473963869,Estaticos
19392,La Sierra,19,Cauca,-0.5030241935483871,-0.8916046758767269,Estaticos
25851,Útica,25,Cundinamarca,-0.5,-0.4601487778958555,Estaticos
13873,Villanueva,13,Bolívar,-0.498991935483871,-0.7194473963868225,Esperanza Futura
19300,Guachené,19,Cauca,-0.4979838709677419,-0.12221041445270986,Esperanza Futura
63130,Calarcá,63,Quindío,-0.4969758064516129,-0.14877789585547285,Esperanza Futura
25797,Tena,25,Cundinamarca,-0.4959677419354839,-0.12539851222104148,Esperanza Futura
76318,Guacarí,76,Valle del Cauca,-0.49495967741935487,0.03825717321997879,Desaceledaro
52399,La Unión,52,Nariño,-0.49395161290322576,-0.512221041445271,Esperanza Futura
19212,Corinto,19,Cauca,-0.49092741935483875,-0.043570669500531345,Esperanza Futura
27099,Bojaya,27,Chocó,-0.48991935483870963,-0.07757704569606805,Esperanza Futura
41548,Pital,41,Huila,-0.4889112903225806,-0.5929861849096706,Esperanza Futura
8372,Juan de Acosta,8,Atlántico,-0.4879032258064516,-0.15515409139213598,Esperanza Futura
25841,Ubaque,25,Cundinamarca,-0.4868951612903226,-0.4229543039319873,Esperanza Futura
52565,Providencia,52,Nariño,-0.4858870967741935,-0.9904357066950054,Esperanza Futura
15839,Tutazá,15,Boyacá,-0.4828629032258065,-0.873538788522848,Esperanza Futura
25867,Vianí,25,Cundinamarca,-0.4798387096774194,-0.6259298618490967,Esperanza Futura
19050,Argelia,19,Cauca,-0.47681451612903225,-0.946865037194474,Esperanza Futura
15518,Pajarito,15,Boyacá,-0.47379032258064513,-0.8884165781083954,Esperanza Futura
70110,Buenavista,70,Sucre,-0.4727822580645161,-0.871413390010627,Esperanza Futura
73283,Fresno,73,Tolima,-0.4717741935483871,-0.3283740701381509,Esperanza Futura
73854,Valle de San Juan,73,Tolima,-0.46875,-0.6609989373007439,Esperanza Futura
8675,Santa Lucía,8,Atlántico,-0.467741935483871,-0.9957492029755579,Esperanza Futura
15572,Puerto Boyacá,15,Boyacá,-0.4667338709677419,0.23591923485653554,Desaceledaro
15790,Tasco,15,Boyacá,-0.4657258064516129,-0.7438894792773645,Esperanza Futura
86320,Orito,86,Putumayo,-0.4647177419354839,-0.2986184909670563,Esperanza Futura
25168,Chaguaní,25,Cundinamarca,-0.46370967741935487,-0.742826780021254,Esperanza Futura
66075,Balboa,66,Risaralda,-0.46068548387096775,-0.22741764080765148,Esperanza Futura
17174,Chinchiná,17,Caldas,-0.45967741935483875,0.28161530286928804,Desaceledaro
5142,Caracolí,5,Antioquia,-0.45866935483870963,-0.5026567481402763,Esperanza Futura
20175,Chimichagua,20,Cesar,-0.4576612903225806,-0.59192348565356,Esperanza Futura
15272,Firavitoba,15,Boyacá,-0.4566532258064516,-0.3708820403825718,Esperanza Futura
68368,Jesús María,68,Santander,-0.4536290322580645,-0.8129649309245484,Esperanza Futura
17614,Riosucio,17,Caldas,-0.4526209677419355,0.0828905419766206,Desaceledaro
25317,Guachetá,25,Cundinamarca,-0.4516129032258065,-0.10626992561105209,Esperanza Futura
47960,Zapayán,47,Magdalena,-0.4506048387096774,-0.9744952178533475,Esperanza Futura
19821,Toribio,19,Cauca,-0.4495967741935484,-0.514346439957492,Esperanza Futura
5209,Concordia,5,Antioquia,-0.4485887096774194,-0.08607863974495222,Esperanza Futura
73461,Murillo,73,Tolima,-0.44556451612903225,-0.5812964930924549,Esperanza Futura
15248,El Espino,15,Boyacá,-0.44455645161290325,-0.7385759829968119,Esperanza Futura
81065,Arauquita,81,Arauca,-0.4415322580645161,-0.4303931987247609,Esperanza Futura
85125,Hato Corozal,85,Casanare,-0.4405241935483871,-0.5409139213602551,Esperanza Futura
5679,Santa Bárbara,5,Antioquia,-0.4375,-0.14984059511158343,Esperanza Futura
73686,Santa Isabel,73,Tolima,-0.4344758064516129,-0.7832093517534537,Esperanza Futura
15403,La Uvita,15,Boyacá,-0.43145161290322576,-0.7810839532412327,Esperanza Futura
54003,Abrego,54,Norte de Santander,-0.42842741935483875,-0.4527098831030818,Esperanza Futura
13140,Calamar,13,Bolívar,-0.4254032258064516,-0.7056323060573857,Esperanza Futura
5658,San José de la Montaña,5,Antioquia,-0.4243951612903226,-0.6344314558979809,Esperanza Futura
25793,Tausa,25,Cundinamarca,-0.4233870967741935,-0.24760892667375134,Esperanza Futura
15299,Garagoa,15,Boyacá,-0.4223790322580645,-0.13496280552603612,Esperanza Futura
41660,Saladoblanco,41,Huila,-0.4213709677419355,-0.7035069075451648,Esperanza Futura
15832,Tununguá,15,Boyacá,-0.4203629032258065,-0.9192348565356004,Esperanza Futura
68190,Cimitarra,68,Santander,-0.4193548387096774,0.012752391073326264,Desaceledaro
25777,Supatá,25,Cundinamarca,-0.4183467741935484,-0.4675876726886291,Esperanza Futura
17867,Victoria,17,Caldas,-0.4173387096774194,-0.1434643995749203,Esperanza Futura
15507,Otanche,15,Boyacá,-0.41633064516129037,-0.7353878852284803,Esperanza Futura
15051,Arcabuco,15,Boyacá,-0.41330645161290325,-0.332624867162593,Esperanza Futura
85325,San Luis de Palenque,85,Casanare,-0.4102822580645161,-0.47715196599362375,Esperanza Futura
41020,Algeciras,41,Huila,-0.4092741935483871,-0.5547290116896918,Esperanza Futura
85263,Pore,85,Casanare,-0.40625,-0.6471838469713072,Esperanza Futura
54673,San Cayetano,54,Norte de Santander,-0.405241935483871,-0.7885228480340064,Esperanza Futura
50350,La Macarena,50,Meta,-0.4022177419354839,-0.667375132837407,Esperanza Futura
73124,Cajamarca,73,Tolima,-0.39919354838709675,-0.23166843783209357,Esperanza Futura
76890,Yotoco,76,Valle del Cauca,-0.39818548387096775,0.06376195536663132,Desaceledaro
54344,Hacarí,54,Norte de Santander,-0.39717741935483875,-0.9691817215727949,Esperanza Futura
73217,Coyaima,73,Tolima,-0.3941532258064516,-0.2901168969181721,Esperanza Futura
27600,Río Quito,27,Chocó,-0.3911290322580645,-0.8119022316684379,Esperanza Futura
50226,Cumaral,50,Meta,-0.3901209677419355,0.05632306057385761,Desaceledaro
68573,Puerto Parra,68,Santander,-0.3891129032258065,-0.16790648246546225,Esperanza Futura
68229,Curití,68,Santander,-0.3881048387096774,-0.28055260361317746,Esperanza Futura
52838,Túquerres,52,Nariño,-0.3870967741935484,-0.2826780021253985,Esperanza Futura
15022,Almeida,15,Boyacá,-0.3860887096774194,-0.8257173219978746,Esperanza Futura
25258,El Peñón,25,Cundinamarca,-0.38508064516129037,-0.7853347502656748,Esperanza Futura
66572,Pueblo Rico,66,Risaralda,-0.38407258064516125,-0.7066950053134963,Esperanza Futura
15097,Boavita,15,Boyacá,-0.38104838709677424,-0.6705632306057385,Esperanza Futura
41078,Baraya,41,Huila,-0.38004032258064513,-0.5589798087141339,Esperanza Futura
13549,Pinillos,13,Bolívar,-0.3790322580645161,-0.9872476089266737,Esperanza Futura
25862,Vergara,25,Cundinamarca,-0.3780241935483871,-0.5600425079702445,Esperanza Futura
68397,La Paz,68,Santander,-0.3770161290322581,-0.6843783209351754,Esperanza Futura
17495,Norcasia,17,Caldas,-0.373991935483871,-0.3889479277364506,Esperanza Futura
17665,San José,17,Caldas,-0.3709677419354839,-0.3666312433581297,Esperanza Futura
15763,Sotaquirá,15,Boyacá,-0.36995967741935487,-0.2561105207226355,Esperanza Futura
17616,Risaralda,17,Caldas,-0.36693548387096775,-0.4070138150903294,Esperanza Futura
68432,Málaga,68,Santander,-0.3639112903225806,-0.18703506907545164,Esperanza Futura
20045,Becerril,20,Cesar,-0.3608870967741935,0.09564293304994687,Desaceledaro
41885,Yaguará,41,Huila,-0.3598790322580645,-0.16153028692879912,Esperanza Futura
15808,Tinjacá,15,Boyacá,-0.3588709677419355,-0.6503719447396387,Esperanza Futura
54498,Ocaña,54,Norte de Santander,-0.3578629032258065,0.2720510095642934,Desaceledaro
5475,Murindó,5,Antioquia,-0.3548387096774194,-0.1392136025504782,Esperanza Futura
81001,Arauca,81,Arauca,-0.35383064516129037,0.06482465462274178,Desaceledaro
52683,Sandoná,52,Nariño,-0.35282258064516125,-0.4197662061636557,Esperanza Futura
15401,La Victoria,15,Boyacá,-0.35181451612903225,-0.9861849096705633,Esperanza Futura
76248,El Cerrito,76,Valle del Cauca,-0.34879032258064513,0.38682252922422955,Desaceledaro
25535,Pasca,25,Cundinamarca,-0.3477822580645161,-0.26248671625929865,Esperanza Futura
15667,San Luis de Gaceno,15,Boyacá,-0.3467741935483871,-0.5324123273113709,Esperanza Futura
25438,Medina,25,Cundinamarca,-0.3457661290322581,-0.2763018065887354,Esperanza Futura
41006,Acevedo,41,Huila,-0.344758064516129,-0.49628055260361315,Esperanza Futura
13062,Arroyohondo,13,Bolívar,-0.34375,-0.618490967056323,Esperanza Futura
47720,Santa Bárbara de Pinto,47,Magdalena,-0.342741935483871,-0.6535600425079702,Esperanza Futura
5854,Valdivia,5,Antioquia,-0.3397177419354839,-0.4144527098831031,Esperanza Futura
41016,Aipe,41,Huila,-0.33870967741935487,-0.4569606801275239,Esperanza Futura
68209,Confines,68,Santander,-0.33770161290322576,-0.6110520722635494,Esperanza Futura
68655,Sabana de Torres,68,Santander,-0.33669354838709675,-0.08395324123273118,Esperanza Futura
41244,Elías,41,Huila,-0.33366935483870963,-0.6131774707757705,Esperanza Futura
25772,Suesca,25,Cundinamarca,-0.3326612903225806,-0.040382571732199835,Esperanza Futura
76122,Caicedonia,76,Valle del Cauca,-0.3316532258064516,0.022316684378320906,Desaceledaro
25269,Facatativá,25,Cundinamarca,-0.3306451612903226,0.47715196599362386,Desaceledaro
27077,Bajo Baudó,27,Chocó,-0.3296370967741935,0.34856535600425076,Desaceledaro
15806,Tibasosa,15,Boyacá,-0.3286290322580645,-0.06269925611052074,Esperanza Futura
68327,Güepsa,68,Santander,-0.3276209677419355,-0.47077577045696073,Esperanza Futura
68217,Coromoro,68,Santander,-0.3266129032258065,-0.6089266737513284,Esperanza Futura
17272,Filadelfia,17,Caldas,-0.3235887096774194,-0.38363443145589793,Esperanza Futura
5055,Argelia,5,Antioquia,-0.32258064516129037,-0.718384697130712,Esperanza Futura
52036,Ancuyá,52,Nariño,-0.32157258064516125,-0.9043570669500531,Esperanza Futura
25398,La Peña,25,Cundinamarca,-0.31854838709677424,-0.69394261424017,Esperanza Futura
63548,Pijao,63,Quindío,-0.31754032258064513,-0.4272051009564294,Esperanza Futura
50110,Barranca de Upía,50,Meta,-0.3145161290322581,-0.44633368756641867,Esperanza Futura
41668,San Agustín,41,Huila,-0.313508064516129,-0.32731137088204043,Esperanza Futura
19142,Caloto,19,Cauca,-0.3125,-0.008501594048884176,Esperanza Futura
41797,Tesalia,41,Huila,-0.311491935483871,-0.5823591923485654,Esperanza Futura
15244,El Cocuy,15,Boyacá,-0.3104838709677419,-0.4909670563230606,Esperanza Futura
73563,Prado,73,Tolima,-0.3094758064516129,-0.24442082890541972,Esperanza Futura
20710,San Alberto,20,Cesar,-0.3084677419354839,0.04782146652497343,Desaceledaro
68377,La Belleza,68,Santander,-0.30745967741935487,-0.5951115834218916,Esperanza Futura
15550,Pisba,15,Boyacá,-0.30443548387096775,-0.9819341126461212,Esperanza Futura
85225,Nunchía,85,Casanare,-0.3014112903225806,-0.5270988310308182,Esperanza Futura
19622,Rosas,19,Cauca,-0.3004032258064516,-0.8501594048884166,Esperanza Futura
5002,Abejorral,5,Antioquia,-0.2993951612903226,-0.21360255047821464,Esperanza Futura
52381,La Florida,52,Nariño,-0.2983870967741935,-0.8831030818278427,Esperanza Futura
68773,Sucre,68,Santander,-0.2953629032258065,-0.5972369819341126,Esperanza Futura
5483,Nariño,5,Antioquia,-0.2943548387096774,-0.6269925611052072,Esperanza Futura
54680,Santiago,54,Norte de Santander,-0.2933467741935484,-0.8905419766206164,Esperanza Futura
15466,Monguí,15,Boyacá,-0.2923387096774194,-0.7077577045696068,Esperanza Futura
25839,Ubalá,25,Cundinamarca,-0.28931451612903225,-0.31137088204038255,Esperanza Futura
66318,Guática,66,Risaralda,-0.28830645161290325,-0.5568544102019128,Esperanza Futura
50330,Mesetas,50,Meta,-0.28729838709677424,-0.46971307120085015,Esperanza Futura
95015,Calamar,95,Guaviare,-0.28629032258064513,-0.7024442082890542,Esperanza Futura
68320,Guadalupe,68,Santander,-0.2852822580645161,-0.4792773645058448,Esperanza Futura
76147,Cartago,76,Valle del Cauca,-0.282258064516129,0.5217853347502657,Desaceledaro
68176,Chima,68,Santander,-0.28125,-0.7151965993623804,Esperanza Futura
25426,Macheta,25,Cundinamarca,-0.280241935483871,-0.3846971307120085,Esperanza Futura
68179,Chipatá,68,Santander,-0.2792338709677419,-0.5154091392136025,Esperanza Futura
19290,Florencia,19,Cauca,-0.27620967741935487,-0.944739638682253,Esperanza Futura
25873,Villapinzón,25,Cundinamarca,-0.27520161290322576,-0.12752391073326252,Esperanza Futura
15686,Santana,15,Boyacá,-0.27419354838709675,-0.43251859723698194,Esperanza Futura
52687,San Lorenzo,52,Nariño,-0.27318548387096775,-0.849096705632306,Esperanza Futura
19513,Padilla,19,Cauca,-0.27217741935483875,-0.15196599362380447,Esperanza Futura
73483,Natagaima,73,Tolima,-0.27116935483870963,-0.5164718384697131,Esperanza Futura
15814,Toca,15,Boyacá,-0.2701612903225806,-0.3698193411264612,Esperanza Futura
25053,Arbeláez,25,Cundinamarca,-0.2691532258064516,-0.13071200850159403,Esperanza Futura
15693,Santa Rosa de Viterbo,15,Boyacá,-0.2661290322580645,-0.29224229543039315,Esperanza Futura
85162,Monterrey,85,Casanare,-0.2631048387096774,-0.2114771519659936,Esperanza Futura
5240,Ebéjico,5,Antioquia,-0.26008064516129037,-0.23485653560042508,Esperanza Futura
23182,Chinú,23,Córdoba,-0.25705645161290325,-0.2529224229543039,Esperanza Futura
23682,San José de Ure,23,Córdoba,-0.25604838709677424,-0.5005313496280552,Esperanza Futura
25224,Cucunubá,25,Cundinamarca,-0.25504032258064513,-0.4218916046758767,Esperanza Futura
25099,Bojacá,25,Cundinamarca,-0.2540322580645161,-0.0680127523910733,Esperanza Futura
15087,Belén,15,Boyacá,-0.251008064516129,-0.45164718384697133,Esperanza Futura
47660,Sabanas de San Angel,47,Magdalena,-0.25,-0.48140276301806584,Esperanza Futura
13042,Arenal,13,Bolívar,-0.248991935483871,-0.9925611052072264,Esperanza Futura
52473,Mosquera,52,Nariño,-0.24596774193548387,-0.6482465462274176,Esperanza Futura
70742,San Luis de Sincé,70,Sucre,-0.24495967741935487,-0.36450584484590864,Esperanza Futura
73555,Planadas,73,Tolima,-0.24193548387096775,-0.48990435706695,Esperanza Futura
52203,Colón,52,Nariño,-0.24092741935483875,-0.8437832093517534,Esperanza Futura
25653,San Cayetano,25,Cundinamarca,-0.23991935483870963,-0.6227417640807651,Esperanza Futura
5038,Angostura,5,Antioquia,-0.23689516129032262,-0.17428267800212538,Esperanza Futura
19548,Piendamó,19,Cauca,-0.2338709677419355,-0.3581296493092455,Esperanza Futura
13433,Mahates,13,Bolívar,-0.23084677419354838,-0.5260361317747078,Esperanza Futura
15232,Chíquiza,15,Boyacá,-0.22782258064516125,-0.6556854410201913,Esperanza Futura
52693,San Pablo,52,Nariño,-0.22681451612903225,-0.8097768331562167,Esperanza Futura
44098,Distracción,44,La Guajira,-0.22580645161290325,-0.722635494155154,Esperanza Futura
68502,Onzaga,68,Santander,-0.22479838709677424,-0.5940488841657812,Esperanza Futura
19100,Bolívar,19,Cauca,-0.22379032258064513,-0.49202975557917106,Esperanza Futura
15106,Briceño,15,Boyacá,-0.22076612903225812,-0.7640807651434645,Esperanza Futura
17513,Pácora,17,Caldas,-0.219758064516129,-0.3166843783209352,Esperanza Futura
25040,Anolaima,25,Cundinamarca,-0.21875,-0.11795961742826777,Esperanza Futura
5282,Fredonia,5,Antioquia,-0.217741935483871,0.10520722635494151,Desaceledaro
25580,Pulí,25,Cundinamarca,-0.21673387096774188,-0.7321997874601488,Esperanza Futura
76606,Restrepo,76,Valle del Cauca,-0.21572580645161288,-0.18809776833156222,Esperanza Futura
52480,Nariño,52,Nariño,-0.21471774193548387,-0.842720510095643,Esperanza Futura
23586,Purísima,23,Córdoba,-0.21370967741935487,-0.8267800212539851,Esperanza Futura
15837,Tuta,15,Boyacá,-0.21270161290322576,-0.361317747077577,Esperanza Futura
52110,Buesaco,52,Nariño,-0.21169354838709675,-0.3421891604675876,Esperanza Futura
50313,Granada,50,Meta,-0.20866935483870963,0.21997874601487788,Desaceledaro
15332,Güicán,15,Boyacá,-0.20766129032258063,-0.769394261424017,Esperanza Futura
5093,Betulia,5,Antioquia,-0.20665322580645162,-0.31880977683315626,Esperanza Futura
41132,Campoalegre,41,Huila,-0.20564516129032262,-0.10095642933049942,Esperanza Futura
73043,Anzoátegui,73,Tolima,-0.2046370967741935,-0.7098831030818278,Esperanza Futura
20238,El Copey,20,Cesar,-0.2036290322580645,-0.3049946865037194,Esperanza Futura
54125,Cácota,54,Norte de Santander,-0.20060483870967738,-0.8947927736450585,Esperanza Futura
25649,San Bernardo,25,Cundinamarca,-0.19959677419354838,-0.34431455897980867,Esperanza Futura
70702,San Juan de Betulia,70,Sucre,-0.19657258064516125,-0.744952178533475,Esperanza Futura
81591,Puerto Rondón,81,Arauca,-0.19556451612903225,-0.9139213602550478,Esperanza Futura
15236,Chivor,15,Boyacá,-0.19455645161290325,-0.8629117959617428,Esperanza Futura
19809,Timbiquí,19,Cauca,-0.19153225806451613,-0.2603613177470776,Esperanza Futura
86569,Puerto Caicedo,86,Putumayo,-0.188508064516129,-0.7704569606801275,Esperanza Futura
27430,Medio Baudó,27,Chocó,-0.18548387096774188,-0.06588735387885225,Esperanza Futura
15816,Togüí,15,Boyacá,-0.18245967741935487,-0.5611052072263549,Esperanza Futura
52411,Linares,52,Nariño,-0.18145161290322576,-0.8703506907545164,Esperanza Futura
52378,La Cruz,52,Nariño,-0.18044354838709675,-0.6865037194473964,Esperanza Futura
5347,Heliconia,5,Antioquia,-0.17741935483870963,-0.4123273113708821,Esperanza Futura
41396,La Plata,41,Huila,-0.17439516129032262,-0.1583421891604676,Esperanza Futura
68673,San Benito,68,Santander,-0.1733870967741935,-0.7545164718384697,Esperanza Futura
54518,Pamplona,54,Norte de Santander,-0.1723790322580645,0.14240170031880983,Desaceledaro
25295,Gachancipá,25,Cundinamarca,-0.1713709677419355,-0.011689691817215686,Esperanza Futura
5368,Jericó,5,Antioquia,-0.1703629032258065,-0.020191285866099862,Esperanza Futura
68684,San José de Miranda,68,Santander,-0.16935483870967738,-0.7927736450584485,Esperanza Futura
18860,Valparaíso,18,Caquetá,-0.16633064516129037,-0.34537725823591925,Esperanza Futura
76113,Bugalagrande,76,Valle del Cauca,-0.16532258064516125,0.2646121147715197,Desaceledaro
5885,Yalí,5,Antioquia,-0.16431451612903225,-0.463336875664187,Esperanza Futura
8638,Sabanalarga,8,Atlántico,-0.16330645161290325,-0.06163655685441016,Esperanza Futura
8770,Suan,8,Atlántico,-0.16229838709677424,-0.9234856535600425,Esperanza Futura
5004,Abriaquí,5,Antioquia,-0.16129032258064513,-0.8746014877789585,Esperanza Futura
20621,La Paz,20,Cesar,-0.15826612903225812,-0.3506907545164718,Esperanza Futura
52786,Taminango,52,Nariño,-0.155241935483871,-0.536663124335813,Esperanza Futura
68549,Pinchote,68,Santander,-0.15221774193548387,-0.4410201912858661,Esperanza Futura
85136,La Salina,85,Casanare,-0.15120967741935487,-0.9968119022316685,Esperanza Futura
68207,Concepción,68,Santander,-0.15020161290322576,-0.7523910733262487,Esperanza Futura
25524,Pandi,25,Cundinamarca,-0.14919354838709675,-0.4686503719447397,Esperanza Futura
47205,Concordia,47,Magdalena,-0.14616935483870963,-0.9330499468650372,Esperanza Futura
8634,Sabanagrande,8,Atlántico,-0.14516129032258063,-0.4006376195536663,Esperanza Futura
5250,El Bagre,5,Antioquia,-0.14415322580645162,-0.2221041445270988,Esperanza Futura
5059,Armenia,5,Antioquia,-0.14314516129032262,-0.49946865037194477,Esperanza Futura
54418,Lourdes,54,Norte de Santander,-0.1421370967741935,-0.8459086078639745,Esperanza Futura
70708,San Marcos,70,Sucre,-0.1411290322580645,-0.25823591923485656,Esperanza Futura
19517,Paez,19,Cauca,-0.13810483870967738,-0.4038257173219979,Esperanza Futura
54800,Teorama,54,Norte de Santander,-0.13709677419354838,-0.8469713071200851,Esperanza Futura
70823,Tolú Viejo,70,Sucre,-0.13608870967741937,-0.3963868225292242,Esperanza Futura
63001,Armenia,63,Quindío,-0.13508064516129037,0.7545164718384698,Desaceledaro
66088,Belén de Umbría,66,Risaralda,-0.13205645161290325,-0.12008501594048882,Esperanza Futura
15293,Gachantivá,15,Boyacá,-0.13104838709677424,-0.6822529224229543,Esperanza Futura
17442,Marmato,17,Caldas,-0.13004032258064513,-0.6875664187035069,Esperanza Futura
73168,Chaparral,73,Tolima,-0.12701612903225812,-0.004250797024442088,Esperanza Futura
52540,Policarpa,52,Nariño,-0.123991935483871,-0.973432518597237,Esperanza Futura
50689,San Martín,50,Meta,-0.12298387096774188,0.2189160467587672,Desaceledaro
25530,Paratebueno,25,Cundinamarca,-0.12197580645161288,-0.1657810839532412,Esperanza Futura
76497,Obando,76,Valle del Cauca,-0.12096774193548387,-0.03825717321997879,Esperanza Futura
25324,Guataquí,25,Cundinamarca,-0.11995967741935487,-0.689691817215728,Esperanza Futura
41770,Suaza,41,Huila,-0.11895161290322576,-0.6631243358129649,Esperanza Futura
17001,Manizales,17,Caldas,-0.11794354838709675,0.869287991498406,Desaceledaro
25095,Bituima,25,Cundinamarca,-0.11693548387096775,-0.5717321997874601,Esperanza Futura
23417,Lorica,23,Córdoba,-0.11391129032258063,0.15940488841657818,Desaceledaro
15172,Chinavita,15,Boyacá,-0.11290322580645162,-0.518597236981934,Esperanza Futura
5861,Venecia,5,Antioquia,-0.11189516129032262,0.09245483528161524,Desaceledaro
52256,El Rosario,52,Nariño,-0.1088709677419355,-0.9829968119022316,Esperanza Futura
73870,Villahermosa,73,Tolima,-0.1078629032258065,-0.5781083953241233,Esperanza Futura
41807,Timaná,41,Huila,-0.10685483870967738,-0.33368756641870345,Esperanza Futura
5789,Támesis,5,Antioquia,-0.10584677419354838,-0.029755579171094615,Esperanza Futura
15757,Socha,15,Boyacá,-0.10483870967741937,-0.48459086078639746,Esperanza Futura
25368,Jerusalén,25,Cundinamarca,-0.10383064516129037,-0.6886291179596175,Esperanza Futura
23300,Cotorra,23,Córdoba,-0.10282258064516125,-0.6195536663124336,Esperanza Futura
52385,La Llanada,52,Nariño,-0.10181451612903225,-0.9479277364505845,Esperanza Futura
15442,Maripí,15,Boyacá,-0.10080645161290325,-0.7608926673751328,Esperanza Futura
8436,Manatí,8,Atlántico,-0.09979838709677424,-0.5844845908607864,Esperanza Futura
76622,Roldanillo,76,Valle del Cauca,-0.09879032258064513,0.03931987247608926,Desaceledaro
97001,Mitú,97,Vaupés,-0.09778225806451613,-0.3517534537725824,Esperanza Futura
76036,Andalucía,76,Valle del Cauca,-0.09677419354838712,-0.007438894792773598,Esperanza Futura
50683,San Juan de Arama,50,Meta,-0.09576612903225812,-0.20935175345377255,Esperanza Futura
41013,Agrado,41,Huila,-0.094758064516129,-0.436769394261424,Esperanza Futura
68770,Suaita,68,Santander,-0.09375,-0.3103081827842721,Esperanza Futura
25658,San Francisco,25,Cundinamarca,-0.09072580645161288,-0.14771519659936239,Esperanza Futura
19533,Piamonte,19,Cauca,-0.08971774193548387,-0.9202975557917109,Esperanza Futura
73449,Melgar,73,Tolima,-0.08669354838709675,0.4229543039319872,Desaceledaro
5467,Montebello,5,Antioquia,-0.08366935483870963,-0.4867162592986185,Esperanza Futura
68524,Palmas del Socorro,68,Santander,-0.08064516129032262,-0.5228480340063761,Esperanza Futura
25662,San Juan de Río Seco,25,Cundinamarca,-0.0776209677419355,-0.37619553666312433,Esperanza Futura
44650,San Juan del Cesar,44,La Guajira,-0.0766129032258065,-0.3390010626992561,Esperanza Futura
5044,Anza,5,Antioquia,-0.07560483870967738,-0.5908607863974495,Esperanza Futura
54599,Ragonvalia,54,Norte de Santander,-0.07258064516129037,-0.8342189160467588,Esperanza Futura
47707,Santa Ana,47,Magdalena,-0.07157258064516125,-0.40807651434644,Esperanza Futura
88564,Providencia,88,"Archipiélago de San Andrés, Providencia y Santa Catalina",-0.06854838709677424,-0.5175345377258236,Esperanza Futura
52678,Samaniego,52,Nariño,-0.06552419354838712,-0.6046758767268863,Esperanza Futura
25312,Granada,25,Cundinamarca,-0.06451612903225812,-0.14558979808714134,Esperanza Futura
25718,Sasaima,25,Cundinamarca,-0.063508064516129,-0.08820403825717327,Esperanza Futura
13620,San Cristóbal,13,Bolívar,-0.06048387096774188,-0.9649309245483528,Esperanza Futura
20295,Gamarra,20,Cesar,-0.05745967741935487,-0.3315621679064825,Esperanza Futura
15226,Cuítiva,15,Boyacá,-0.056451612903225756,-0.6514346439957492,Esperanza Futura
19785,Sucre,19,Cauca,-0.05544354838709675,-0.9149840595111584,Esperanza Futura
68322,Guapotá,68,Santander,-0.05443548387096775,-0.5696068012752391,Esperanza Futura
5237,Don Matías,5,Antioquia,-0.053427419354838745,0.051009564293305054,Desaceledaro
23001,Montería,23,Córdoba,-0.05241935483870963,0.7258235919234857,Desaceledaro
73347,Herveo,73,Tolima,-0.04939516129032262,-0.6280552603613178,Esperanza Futura
25181,Choachí,25,Cundinamarca,-0.0463709677419355,-0.2263549415515409,Esperanza Futura
54001,Cúcuta,54,Norte de Santander,-0.045362903225806495,0.8788522848034006,Desaceledaro
13160,Cantagallo,13,Bolívar,-0.04233870967741937,-0.9511158342189161,Esperanza Futura
27425,Medio Atrato,27,Chocó,-0.04133064516129037,-0.26673751328374073,Esperanza Futura
76863,Versalles,76,Valle del Cauca,-0.040322580645161255,-0.41020191285866103,Esperanza Futura
5147,Carepa,5,Antioquia,-0.03931451612903225,0.20616365568544093,Desaceledaro
15835,Turmequé,15,Boyacá,-0.03830645161290325,-0.3804463336875664,Esperanza Futura
76275,Florida,76,Valle del Cauca,-0.037298387096774244,0.2975557917109457,Desaceledaro
76126,Calima,76,Valle del Cauca,-0.03629032258064513,0.14558979808714123,Desaceledaro
25506,Venecia,25,Cundinamarca,-0.035282258064516125,-0.6025504782146652,Esperanza Futura
23500,Moñitos,23,Córdoba,-0.03427419354838712,-0.5887353878852285,Esperanza Futura
54109,Bucarasica,54,Norte de Santander,-0.03326612903225812,-0.9394261424017003,Esperanza Futura
5842,Uramita,5,Antioquia,-0.032258064516129004,-0.7736450584484591,Esperanza Futura
25491,Nocaima,25,Cundinamarca,-0.03125,-0.3921360255047821,Esperanza Futura
27615,Riosucio,27,Chocó,-0.030241935483870996,-0.25079702444208285,Esperanza Futura
54250,El Tarra,54,Norte de Santander,-0.029233870967741882,-0.8331562167906482,Esperanza Futura
76111,Guadalajara de Buga,76,Valle del Cauca,-0.028225806451612878,0.5026567481402764,Desaceledaro
17653,Salamina,17,Caldas,-0.027217741935483875,-0.15302869287991494,Esperanza Futura
97161,Caruru,97,Vaupés,-0.02620967741935487,-0.7683315621679065,Esperanza Futura
73026,Alvarado,73,Tolima,-0.02318548387096775,-0.1625929861849097,Esperanza Futura
52356,Ipiales,52,Nariño,-0.020161290322580627,0.39319872476089257,Desaceledaro
68147,Capitanejo,68,Santander,-0.019153225806451624,-0.8012752391073326,Esperanza Futura
5034,Andes,5,Antioquia,-0.016129032258064502,0.1168969181721573,Desaceledaro
5652,San Francisco,5,Antioquia,-0.01310483870967738,-0.9362380446333688,Esperanza Futura
25513,Pacho,25,Cundinamarca,-0.012096774193548376,0.06695005313496272,Desaceledaro
66400,La Virginia,66,Risaralda,-0.011088709677419373,-0.01700318809776835,Esperanza Futura
41518,Paicol,41,Huila,-0.01008064516129037,-0.7662061636556854,Esperanza Futura
70473,Morroa,70,Sucre,-0.009072580645161255,-0.7874601487778958,Esperanza Futura
15646,Samacá,15,Boyacá,-0.008064516129032251,-0.05207226354941552,Esperanza Futura
54871,Villa Caro,54,Norte de Santander,-0.007056451612903247,-0.7821466524973433,Esperanza Futura
5036,Angelópolis,5,Antioquia,-0.0040322580645161255,-0.385759829968119,Esperanza Futura
25823,Topaipí,25,Cundinamarca,-0.0010080645161290036,-0.9011689691817215,Esperanza Futura
5308,Girardota,5,Antioquia,0.0,0.41657810839532416,Desaceledaro
52227,Cumbal,52,Nariño,0.003024193548387011,-0.8873538788522848,Emergentes
54206,Convención,54,Norte de Santander,0.0040322580645162365,-0.46227417640807655,Emergentes
50686,San Juanito,50,Meta,0.007056451612903247,-0.9564293304994687,Emergentes
73148,Carmen de Apicalá,73,Tolima,0.010080645161290258,0.05207226354941552,Grandes Creciendo
5101,Ciudad Bolívar,5,Antioquia,0.011088709677419262,0.05951115834218923,Grandes Creciendo
5001,Medellín,5,Antioquia,0.014112903225806495,0.9840595111583421,Grandes Creciendo
5212,Copacabana,5,Antioquia,0.015120967741935498,0.4835281615302869,Grandes Creciendo
25151,Caqueza,25,Cundinamarca,0.016129032258064502,-0.3783209351753454,Emergentes
63401,La Tebaida,63,Quindío,0.017137096774193505,0.21785334750265672,Grandes Creciendo
70429,Majagual,70,Sucre,0.01814516129032251,-0.6397449521785334,Emergentes
25815,Tocaima,25,Cundinamarca,0.021169354838709742,0.07970244420828898,Grandes Creciendo
13074,Barranco de Loba,13,Bolívar,0.022177419354838745,-0.9309245483528161,Emergentes
44874,Villanueva,44,La Guajira,0.02318548387096775,-0.5897980871413391,Emergentes
41026,Altamira,41,Huila,0.024193548387096753,-0.5664187035069075,Emergentes
63272,Filandia,63,Quindío,0.025201612903225756,-0.09989373007438895,Emergentes
66594,Quinchía,66,Risaralda,0.02620967741935476,-0.29968119022316686,Emergentes
19022,Almaguer,19,Cauca,0.029233870967741993,-0.7566418703506907,Emergentes
17050,Aranzazu,17,Caldas,0.030241935483870996,-0.5621679064824654,Emergentes
50245,El Calvario,50,Meta,0.03125,-0.8204038257173221,Emergentes
76400,La Unión,76,Valle del Cauca,0.03427419354838701,0.10626992561105197,Grandes Creciendo
5145,Caramanta,5,Antioquia,0.035282258064516236,-0.43889479277364507,Emergentes
5045,Apartadó,5,Antioquia,0.03830645161290325,0.4484590860786397,Grandes Creciendo
68051,Aratoca,68,Santander,0.03931451612903225,-0.3931987247608927,Emergentes
17042,Anserma,17,Caldas,0.040322580645161255,0.07332624867162596,Grandes Creciendo
5792,Tarso,5,Antioquia,0.04133064516129026,-0.1466524973432518,Emergentes
68101,Bolívar,68,Santander,0.04233870967741926,-0.3740701381509033,Emergentes
76306,Ginebra,76,Valle del Cauca,0.04334677419354849,-0.09245483528161536,Emergentes
52788,Tangua,52,Nariño,0.0463709677419355,-0.6174282678002125,Emergentes
68533,Páramo,68,Santander,0.0473790322580645,-0.4729011689691818,Emergentes
25120,Cabrera,25,Cundinamarca,0.05040322580645151,-0.5749202975557917,Emergentes
15176,Chiquinquirá,15,Boyacá,0.053427419354838745,0.3358129649309245,Grandes Creciendo
25307,Girardot,25,Cundinamarca,0.05443548387096775,0.5951115834218916,Grandes Creciendo
68167,Charalá,68,Santander,0.05745967741935476,-0.21041445270988313,Emergentes
76895,Zarzal,76,Valle del Cauca,0.058467741935483764,0.31987247608926683,Grandes Creciendo
50223,Cubarral,50,Meta,0.05947580645161299,-0.39001062699256106,Emergentes
76020,Alcalá,76,Valle del Cauca,0.0625,-0.23910733262486716,Emergentes
25769,Subachoque,25,Cundinamarca,0.063508064516129,0.1657810839532412,Grandes Creciendo
13657,San Juan Nepomuceno,13,Bolívar,0.06653225806451624,-0.5334750265674815,Emergentes
17380,La Dorada,17,Caldas,0.06754032258064524,0.39426142401700326,Grandes Creciendo
52260,El Tambo,52,Nariño,0.06854838709677424,-0.7045696068012752,Emergentes
13052,Arjona,13,Bolívar,0.06955645161290325,0.018065887353878818,Grandes Creciendo
27050,Atrato,27,Chocó,0.07258064516129026,-0.9946865037194474,Emergentes
5887,Yarumal,5,Antioquia,0.07560483870967749,0.23273113708820414,Grandes Creciendo
13468,Mompós,13,Bolívar,0.0766129032258065,-0.19553666312433582,Emergentes
70204,Coloso,70,Sucre,0.0776209677419355,-0.9702444208289054,Emergentes
17444,Marquetalia,17,Caldas,0.08064516129032251,-0.4750265674814028,Emergentes
68418,Los Santos,68,Santander,0.08366935483870974,0.0340063761955367,Grandes Creciendo
25745,Simijaca,25,Cundinamarca,0.08467741935483875,-0.09139213602550478,Emergentes
17662,Samaná,17,Caldas,0.08568548387096775,-0.38682252922422955,Emergentes
5107,Briceño,5,Antioquia,0.08669354838709675,-0.5249734325185973,Emergentes
50001,Villavicencio,50,Meta,0.08770161290322576,0.789585547290117,Grandes Creciendo
52835,San Andres de Tumaco,52,Nariño,0.08870967741935476,0.18703506907545164,Grandes Creciendo
25200,Cogua,25,Cundinamarca,0.08971774193548376,0.1997874601487779,Grandes Creciendo
76520,Palmira,76,Valle del Cauca,0.09072580645161299,0.8533475026567481,Grandes Creciendo
20011,Aguachica,20,Cesar,0.09173387096774199,0.16259298618490958,Grandes Creciendo
52490,Olaya Herrera,52,Nariño,0.092741935483871,-0.6439957492029755,Emergentes
5856,Valparaíso,5,Antioquia,0.09375,-0.1402763018065888,Emergentes
76823,Toro,76,Valle del Cauca,0.09677419354838701,-0.10733262486716255,Emergentes
86760,Santiago,86,Putumayo,0.09979838709677424,-0.8384697130712009,Emergentes
23168,Chimá,23,Córdoba,0.10282258064516125,-0.6801275239107333,Emergentes
73067,Ataco,73,Tolima,0.10383064516129026,-0.4782146652497343,Emergentes
63594,Quimbaya,63,Quindío,0.10483870967741926,0.25823591923485645,Grandes Creciendo
66045,Apía,66,Risaralda,0.10584677419354849,-0.3623804463336876,Emergentes
73585,Purificación,73,Tolima,0.10685483870967749,0.06588735387885225,Grandes Creciendo
19845,Villa Rica,19,Cauca,0.1098790322580645,-0.17109458023379387,Emergentes
76869,Vijes,76,Valle del Cauca,0.11290322580645151,-0.2646121147715197,Emergentes
15580,Quípama,15,Boyacá,0.11391129032258074,-0.9032943676939427,Emergentes
54099,Bochalema,54,Norte de Santander,0.11693548387096775,-0.5239107332624867,Emergentes
8078,Baranoa,8,Atlántico,0.11995967741935476,-0.022316684378320906,Emergentes
68820,Tona,68,Santander,0.12096774193548376,-0.40913921360255046,Emergentes
5134,Campamento,5,Antioquia,0.12197580645161299,-0.6524973432518597,Emergentes
70233,El Roble,70,Sucre,0.125,-0.8607863974495218,Emergentes
25001,Agua de Dios,25,Cundinamarca,0.126008064516129,-0.13708820403825717,Emergentes
20060,Bosconia,20,Cesar,0.127016129032258,-0.28161530286928804,Emergentes
5656,San Jerónimo,5,Antioquia,0.13004032258064524,0.24229543039319879,Grandes Creciendo
50251,El Castillo,50,Meta,0.13104838709677424,-0.2752391073326249,Emergentes
20517,Pailitas,20,Cesar,0.13407258064516125,-0.41657810839532416,Emergentes
25245,El Colegio,25,Cundinamarca,0.13508064516129026,0.22954303931987252,Grandes Creciendo
13244,El Carmen de Bolívar,13,Bolívar,0.1381048387096775,-0.4442082890541976,Emergentes
5079,Barbosa,5,Antioquia,0.1391129032258065,0.354941551540914,Grandes Creciendo
73622,Roncesvalles,73,Tolima,0.1401209677419355,-0.6354941551540914,Emergentes
27491,Nóvita,27,Chocó,0.1411290322580645,-0.9883103081827843,Emergentes
81794,Tame,81,Arauca,0.1421370967741935,-0.13815090329436774,Emergentes
50318,Guamal,50,Meta,0.14516129032258074,-0.12114771519659939,Emergentes
76246,El Cairo,76,Valle del Cauca,0.15120967741935476,-0.5504782146652497,Emergentes
50150,Castilla La Nueva,50,Meta,0.154233870967742,-0.06907545164718387,Emergentes
5150,Carolina,5,Antioquia,0.155241935483871,-0.47396386822529224,Emergentes
76041,Ansermanuevo,76,Valle del Cauca,0.15625,-0.10201912858661,Emergentes
25483,Nariño,25,Cundinamarca,0.157258064516129,-0.5685441020191286,Emergentes
85230,Orocué,85,Casanare,0.158266129032258,-0.1317747077577046,Emergentes
17013,Aguadas,17,Caldas,0.159274193548387,-0.15727948990435703,Emergentes
76736,Sevilla,76,Valle del Cauca,0.16028225806451624,0.1360255047821466,Grandes Creciendo
27450,Medio San Juan,27,Chocó,0.16129032258064524,-0.9628055260361318,Emergentes
17877,Viterbo,17,Caldas,0.16431451612903225,-0.16684378320935178,Emergentes
19573,Puerto Tejada,19,Cauca,0.16733870967741926,0.1094580233793836,Grandes Creciendo
5138,Cañasgordas,5,Antioquia,0.1683467741935485,-0.5217853347502657,Emergentes
15380,La Capilla,15,Boyacá,0.1693548387096775,-0.6493092454835281,Emergentes
25322,Guasca,25,Cundinamarca,0.1723790322580645,0.2486716259298618,Grandes Creciendo
70230,Chalán,70,Sucre,0.1733870967741935,-0.9574920297555791,Emergentes
44378,Hatonuevo,44,La Guajira,0.17641129032258074,-0.28586609989373,Emergentes
17486,Neira,17,Caldas,0.17943548387096775,-0.03506907545164717,Emergentes
70221,Coveñas,70,Sucre,0.18044354838709675,0.19553666312433582,Grandes Creciendo
13001,Cartagena,13,Bolívar,0.18145161290322576,0.9394261424017003,Grandes Creciendo
68132,California,68,Santander,0.18245967741935476,-0.79596174282678,Emergentes
68160,Cepitá,68,Santander,0.18346774193548376,-0.8969181721572795,Emergentes
47745,Sitionuevo,47,Magdalena,0.186491935483871,-0.48777895855472897,Emergentes
5051,Arboletes,5,Antioquia,0.189516129032258,-0.2412327311370882,Emergentes
25293,Gachala,25,Cundinamarca,0.19254032258064524,-0.638682252922423,Emergentes
5390,La Pintada,5,Antioquia,0.19354838709677424,0.1285866099893731,Grandes Creciendo
25297,Gachetá,25,Cundinamarca,0.19455645161290325,-0.20085015940488837,Emergentes
54874,Villa del Rosario,54,Norte de Santander,0.19758064516129026,0.30712008501594057,Grandes Creciendo
68689,San Vicente de Chucurí,68,Santander,0.19858870967741926,0.12964930924548357,Grandes Creciendo
18785,Solita,18,Caquetá,0.2016129032258065,-0.6907545164718385,Emergentes
15367,Jenesano,15,Boyacá,0.2046370967741935,-0.42507970244420834,Emergentes
70001,Sincelejo,70,Sucre,0.2056451612903225,0.6206163655685442,Grandes Creciendo
8001,Barranquilla,8,Atlántico,0.2066532258064515,0.9521785334750266,Grandes Creciendo
85250,Paz de Ariporo,85,Casanare,0.20766129032258074,-0.10414452709883104,Emergentes
15533,Paya,15,Boyacá,0.21068548387096775,-0.9766206163655685,Emergentes
68077,Barbosa,68,Santander,0.21169354838709675,-0.04994686503719448,Emergentes
73671,Saldaña,73,Tolima,0.21270161290322576,-0.18384697130712013,Emergentes
68444,Matanza,68,Santander,0.21370967741935476,-0.6429330499468651,Emergentes
27810,Unión Panamericana,27,Chocó,0.216733870967742,-0.9989373007438895,Emergentes
15187,Chivatá,15,Boyacá,0.217741935483871,-0.6620616365568543,Emergentes
5642,Salgar,5,Antioquia,0.21875,-0.2189160467587673,Emergentes
15516,Paipa,15,Boyacá,0.219758064516129,0.28480340063761966,Grandes Creciendo
52390,La Tola,52,Nariño,0.220766129032258,-0.8140276301806588,Emergentes
76243,El Águila,76,Valle del Cauca,0.22379032258064524,-0.4420828905419766,Emergentes
76001,Cali,76,Valle del Cauca,0.22681451612903225,0.9681190223166845,Grandes Creciendo
19256,El Tambo,19,Cauca,0.22983870967741926,-0.37194473963868224,Emergentes
76130,Candelaria,76,Valle del Cauca,0.2308467741935485,0.5727948990435707,Grandes Creciendo
25594,Quetame,25,Cundinamarca,0.2318548387096775,-0.7555791710945803,Emergentes
13744,Simití,13,Bolívar,0.2348790322580645,-0.5441020191285866,Emergentes
70418,Los Palmitos,70,Sucre,0.2358870967741935,-0.6238044633368757,Emergentes
63111,Buenavista,63,Quindío,0.2368951612903225,-0.38257173219978746,Emergentes
44090,Dibulla,44,La Guajira,0.2379032258064515,-0.10520722635494151,Emergentes
44855,Urumita,44,La Guajira,0.23891129032258074,-0.8724760892667375,Emergentes
76563,Pradera,76,Valle del Cauca,0.23991935483870974,0.2943676939426143,Grandes Creciendo
86001,Mocoa,86,Putumayo,0.24092741935483875,-0.05951115834218912,Emergentes
25394,La Palma,25,Cundinamarca,0.24193548387096775,-0.44314558979808716,Emergentes
68264,Encino,68,Santander,0.24495967741935476,-0.6248671625929862,Emergentes
5665,San Pedro de Uraba,5,Antioquia,0.24596774193548376,-0.22529224229543043,Emergentes
15798,Tenza,15,Boyacá,0.246975806451613,-0.48884165781083955,Emergentes
73275,Flandes,73,Tolima,0.247983870967742,0.36769394261424027,Grandes Creciendo
76828,Trujillo,76,Valle del Cauca,0.248991935483871,-0.17215727948990434,Emergentes
5030,Amagá,5,Antioquia,0.252016129032258,0.0456960680127525,Grandes Creciendo
47268,El Retén,47,Magdalena,0.25504032258064524,-0.4187035069075452,Emergentes
5847,Urrao,5,Antioquia,0.25806451612903225,-0.012752391073326264,Emergentes
15223,Cubará,15,Boyacá,0.25907258064516125,-0.35281615302869285,Emergentes
18479,Morelia,18,Caquetá,0.26008064516129026,-0.45058448459086076,Emergentes
23660,Sahagún,23,Córdoba,0.26108870967741926,0.19872476089266744,Grandes Creciendo
66001,Pereira,66,Risaralda,0.2641129032258065,0.9107332624867162,Grandes Creciendo
27160,Cértegui,27,Chocó,0.2671370967741935,-0.9543039319872476,Emergentes
13442,María La Baja,13,Bolívar,0.2681451612903225,-0.43570669500531345,Emergentes
68682,San Joaquín,68,Santander,0.27116935483870974,-0.8395324123273114,Emergentes
8137,Campo de la Cruz,8,Atlántico,0.27419354838709675,-0.8820403825717322,Emergentes
68001,Bucaramanga,68,Santander,0.27520161290322576,0.9234856535600424,Grandes Creciendo
41298,Garzón,41,Huila,0.27620967741935476,0.009564293304994642,Grandes Creciendo
8549,Piojó,8,Atlántico,0.27721774193548376,-0.645058448459086,Emergentes
15362,Iza,15,Boyacá,0.278225806451613,-0.6014877789585547,Emergentes
19780,Suárez,19,Cauca,0.279233870967742,-0.3538788522848034,Emergentes
13673,Santa Catalina,13,Bolívar,0.282258064516129,-0.2688629117959618,Emergentes
5031,Amalfi,5,Antioquia,0.28528225806451624,-0.07332624867162596,Emergentes
52250,El Charco,52,Nariño,0.28629032258064524,-0.9404888416578109,Emergentes
15804,Tibaná,15,Boyacá,0.28729838709677424,-0.29649309245483524,Emergentes
15861,Ventaquemada,15,Boyacá,0.29032258064516125,-0.16046758767268865,Emergentes
25019,Albán,25,Cundinamarca,0.29133064516129026,-0.32199787460148777,Emergentes
66170,Dosquebradas,66,Risaralda,0.29233870967741926,0.6174282678002125,Grandes Creciendo
41001,Neiva,41,Huila,0.2933467741935485,0.716259298618491,Grandes Creciendo
68121,Cabrera,68,Santander,0.2963709677419355,-0.6588735387885228,Emergentes
15514,Páez,15,Boyacá,0.2993951612903225,-0.7088204038257173,Emergentes
5306,Giraldo,5,Antioquia,0.3004032258064515,-0.6769394261424018,Emergentes
20310,González,20,Cesar,0.30141129032258074,-0.9319872476089267,Emergentes
5353,Hispania,5,Antioquia,0.30241935483870974,-0.3815090329436769,Emergentes
68686,San Miguel,68,Santander,0.30342741935483875,-0.8352816153028693,Emergentes
25899,Zipaquirá,25,Cundinamarca,0.30443548387096775,0.6046758767268863,Grandes Creciendo
52019,Albán,52,Nariño,0.30544354838709675,-0.7895855472901169,Emergentes
17777,Supía,17,Caldas,0.30645161290322576,-0.20616365568544104,Emergentes
68522,Palmar,68,Santander,0.30745967741935476,-0.767268862911796,Emergentes
5360,Itagui,5,Antioquia,0.30846774193548376,0.8342189160467588,Grandes Creciendo
5873,Vigía del Fuerte,5,Antioquia,0.309475806451613,-0.19341126461211477,Emergentes
25489,Nimaima,25,Cundinamarca,0.3125,-0.5876726886291179,Emergentes
5411,Liborina,5,Antioquia,0.315524193548387,-0.43145589798087136,Emergentes
13780,Talaigua Nuevo,13,Bolívar,0.31653225806451624,-0.9086078639744952,Emergentes
47555,Plato,47,Magdalena,0.31955645161290325,-0.21679064824654626,Emergentes
66682,Santa Rosa de Cabal,66,Risaralda,0.32056451612903225,0.4452709883103081,Grandes Creciendo
25612,Ricaurte,25,Cundinamarca,0.32157258064516125,0.4707757704569606,Grandes Creciendo
19473,Morales,19,Cauca,0.32258064516129026,-0.3655685441020191,Emergentes
76054,Argelia,76,Valle del Cauca,0.32358870967741926,-0.6068012752391073,Emergentes
18256,El Paujil,18,Caquetá,0.3245967741935485,-0.46546227417640806,Emergentes
25843,Villa de San Diego de Ubate,25,Cundinamarca,0.3256048387096775,0.17109458023379376,Grandes Creciendo
5664,San Pedro,5,Antioquia,0.3286290322580645,0.16896918172157283,Grandes Creciendo
81736,Saravena,81,Arauca,0.3316532258064515,-0.04250797024442088,Emergentes
54720,Sardinata,54,Norte de Santander,0.33467741935483875,-0.6153028692879915,Emergentes
19455,Miranda,19,Cauca,0.33568548387096775,0.2146652497343251,Grandes Creciendo
25260,El Rosal,25,Cundinamarca,0.33669354838709675,0.11370882040382568,Grandes Creciendo
8573,Puerto Colombia,8,Atlántico,0.33770161290322576,0.5154091392136027,Grandes Creciendo
54239,Durania,54,Norte de Santander,0.340725806451613,-0.7460148777895855,Emergentes
15600,Ráquira,15,Boyacá,0.34375,-0.41764080765143463,Emergentes
25758,Sopó,25,Cundinamarca,0.344758064516129,0.38363443145589793,Grandes Creciendo
18247,El Doncello,18,Caquetá,0.34778225806451624,-0.21572794899043568,Emergentes
5591,Puerto Triunfo,5,Antioquia,0.35080645161290325,-0.17640807651434642,Emergentes
68669,San Andrés,68,Santander,0.35383064516129026,-0.39744952178533477,Emergentes
5756,Sonson,5,Antioquia,0.3568548387096775,-0.046758767268862966,Emergentes
70265,Guaranda,70,Sucre,0.3578629032258065,-0.900106269925611,Emergentes
25592,Quebradanegra,25,Cundinamarca,0.3588709677419355,-0.3432518597236982,Emergentes
19698,Santander de Quilichao,19,Cauca,0.3598790322580645,0.18384697130712002,Grandes Creciendo
23068,Ayapel,23,Córdoba,0.3608870967741935,0.02763018065887346,Grandes Creciendo
13670,San Pablo,13,Bolívar,0.3618951612903225,-0.3730074388947928,Emergentes
91540,Puerto Nariño,91,Amazonas,0.3629032258064515,-0.9638682252922423,Emergentes
73268,Espinal,73,Tolima,0.36391129032258074,0.37088204038257166,Grandes Creciendo
44279,Fonseca,44,La Guajira,0.36491935483870974,-0.24973432518597238,Emergentes
52520,Francisco Pizarro,52,Nariño,0.36592741935483875,-0.5483528161530287,Emergentes
70124,Caimito,70,Sucre,0.36693548387096775,-0.565356004250797,Emergentes
15238,Duitama,15,Boyacá,0.36794354838709675,0.5281615302869287,Grandes Creciendo
23807,Tierralta,23,Córdoba,0.37096774193548376,-0.02125398512221044,Emergentes
5364,Jardín,5,Antioquia,0.371975806451613,-0.18278427205100956,Emergentes
5809,Titiribí,5,Antioquia,0.375,-0.10839532412327313,Emergentes
68575,Puerto Wilches,68,Santander,0.378024193548387,-0.06695005313496283,Emergentes
73408,Lérida,73,Tolima,0.37903225806451624,-0.05844845908607865,Emergentes
23466,Montelíbano,23,Córdoba,0.38205645161290325,0.14665249734325192,Grandes Creciendo
27135,El Cantón del San Pablo,27,Chocó,0.38508064516129026,-0.42401700318809776,Emergentes
19418,López,19,Cauca,0.3881048387096775,-0.9415515409139213,Emergentes
41551,Pitalito,41,Huila,0.3911290322580645,0.3772582359192349,Grandes Creciendo
5313,Granada,5,Antioquia,0.3921370967741935,-0.5207226354941552,Emergentes
8758,Soledad,8,Atlántico,0.3931451612903225,0.6811902231668439,Grandes Creciendo
25488,Nilo,25,Cundinamarca,0.3941532258064515,0.30393198724760895,Grandes Creciendo
41359,Isnos,41,Huila,0.39717741935483875,-0.4484590860786397,Emergentes
5660,San Luis,5,Antioquia,0.40020161290322576,-0.35706695005313493,Emergentes
50606,Restrepo,50,Meta,0.40120967741935476,0.1583421891604675,Grandes Creciendo
15531,Pauna,15,Boyacá,0.40221774193548376,-0.44739638682252925,Emergentes
27800,Unguía,27,Chocó,0.405241935483871,-0.2337938363443146,Emergentes
68679,San Gil,68,Santander,0.408266129032258,0.4038257173219979,Grandes Creciendo
68895,Zapatoca,68,Santander,0.409274193548387,-0.1360255047821467,Emergentes
27495,Nuquí,27,Chocó,0.41028225806451624,-0.36769394261424015,Emergentes
73443,Mariquita,73,Tolima,0.41330645161290325,0.09883103081827849,Grandes Creciendo
8849,Usiacurí,8,Atlántico,0.41431451612903225,-0.49309245483528164,Emergentes
8832,Tubará,8,Atlántico,0.41532258064516125,-0.025504782146652527,Emergentes
73411,Líbano,73,Tolima,0.41633064516129026,0.037194473963868324,Grandes Creciendo
70235,Galeras,70,Sucre,0.41733870967741926,-0.4941551540913921,Emergentes
63302,Génova,63,Quindío,0.4183467741935485,-0.3464399574920297,Emergentes
5670,San Roque,5,Antioquia,0.4213709677419355,-0.12646121147715195,Emergentes
19001,Popayán,19,Cauca,0.4223790322580645,0.7353878852284803,Grandes Creciendo
68162,Cerrito,68,Santander,0.4233870967741935,-0.696068012752391,Emergentes
68615,Rionegro,68,Santander,0.4243951612903225,0.023379383634431372,Grandes Creciendo
23189,Ciénaga de Oro,23,Córdoba,0.4254032258064515,0.019128586609989284,Grandes Creciendo
68318,Guaca,68,Santander,0.42641129032258074,-0.6333687566418704,Emergentes
5647,San Andrés de Cuerquía,5,Antioquia,0.42943548387096775,-0.5494155154091391,Emergentes
5659,San Juan de Urabá,5,Antioquia,0.43245967741935476,-0.4984059511158342,Emergentes
25875,Villeta,25,Cundinamarca,0.43346774193548376,0.3134962805526036,Grandes Creciendo
25377,La Calera,25,Cundinamarca,0.434475806451613,0.42933049946865043,Grandes Creciendo
68867,Vetas,68,Santander,0.435483870967742,-0.8172157279489904,Emergentes
5129,Caldas,5,Antioquia,0.438508064516129,0.45483528161530296,Grandes Creciendo
54810,Tibú,54,Norte de Santander,0.439516129032258,-0.128586609989373,Emergentes
5686,Santa Rosa de Osos,5,Antioquia,0.440524193548387,0.22316684378320928,Grandes Creciendo
68296,Galán,68,Santander,0.44153225806451624,-0.6312433581296493,Emergentes
17088,Belalcázar,17,Caldas,0.44254032258064524,-0.2454835281615303,Emergentes
73504,Ortega,73,Tolima,0.44556451612903225,-0.32306057385759834,Emergentes
52699,Santacruz,52,Nariño,0.44858870967741926,-0.7598299681190224,Emergentes
20443,Manaure,20,Cesar,0.4546370967741935,-0.7619553666312433,Emergentes
15131,Caldas,15,Boyacá,0.4556451612903225,-0.6216790648246546,Emergentes
25320,Guaduas,25,Cundinamarca,0.4566532258064515,0.046758767268862966,Grandes Creciendo
5190,Cisneros,5,Antioquia,0.45766129032258074,-0.1891604675876727,Emergentes
25430,Madrid,25,Cundinamarca,0.45866935483870974,0.5441020191285866,Grandes Creciendo
47551,Pivijay,47,Magdalena,0.45967741935483875,-0.1168969181721573,Emergentes
27580,Río Iro,27,Chocó,0.46270161290322576,-0.975557917109458,Emergentes
5425,Maceo,5,Antioquia,0.465725806451613,-0.32624867162592985,Emergentes
47001,Santa Marta,47,Magdalena,0.466733870967742,0.8597236981934113,Grandes Creciendo
20614,Río de Oro,20,Cesar,0.467741935483871,-0.257173219978746,Emergentes
76616,Riofrío,76,Valle del Cauca,0.46875,-0.05632306057385761,Emergentes
20550,Pelaya,20,Cesar,0.469758064516129,-0.434643995749203,Emergentes
23555,Planeta Rica,23,Córdoba,0.470766129032258,0.18065887353878862,Grandes Creciendo
13836,Turbaco,13,Bolívar,0.471774193548387,0.2263549415515409,Grandes Creciendo
68255,El Playón,68,Santander,0.47479838709677424,-0.45802337938363447,Emergentes
13458,Montecristo,13,Bolívar,0.47580645161290325,-0.9808714133900106,Emergentes
5086,Belmira,5,Antioquia,0.47681451612903225,-0.3368756641870351,Emergentes
15204,Cómbita,15,Boyacá,0.47782258064516125,-0.20828905419766208,Emergentes
15224,Cucaita,15,Boyacá,0.47883064516129026,-0.4856535600425079,Emergentes
63690,Salento,63,Quindío,0.4818548387096775,-0.09351753453772582,Emergentes
5890,Yolombó,5,Antioquia,0.4828629032258065,-0.24017003188097763,Emergentes
44001,Riohacha,44,La Guajira,0.4838709677419355,0.3390010626992561,Grandes Creciendo
68385,Landázuri,68,Santander,0.4848790322580645,-0.6376195536663125,Emergentes
68169,Charta,68,Santander,0.4858870967741935,-0.7417640807651434,Emergentes
86885,Villagarzón,86,Putumayo,0.4868951612903225,-0.33475026567481403,Emergentes
19807,Timbío,19,Cauca,0.48991935483870974,-0.2072263549415515,Emergentes
15681,San Pablo de Borbur,15,Boyacá,0.49294354838709675,-0.6811902231668439,Emergentes
20228,Curumaní,20,Cesar,0.49596774193548376,-0.3092454835281615,Emergentes
19532,Patía,19,Cauca,0.498991935483871,-0.1817215727948991,Emergentes
23574,Puerto Escondido,23,Córdoba,0.5,-0.17853347502656747,Emergentes
5264,Entrerrios,5,Antioquia,0.503024193548387,-0.07863974495217851,Emergentes
5266,Envigado,5,Antioquia,0.5040322580645162,0.9011689691817215,Grandes Creciendo
20400,La Jagua de Ibirico,20,Cesar,0.5070564516129032,-0.19022316684378326,Emergentes
68266,Enciso,68,Santander,0.5080645161290323,-0.8182784272051009,Emergentes
20770,San Martín,20,Cesar,0.5110887096774193,-0.03931987247608926,Emergentes
5321,Guatape,5,Antioquia,0.5120967741935485,0.12114771519659939,Grandes Creciendo
47245,El Banco,47,Magdalena,0.5151209677419355,-0.177470775770457,Emergentes
50370,Uribe,50,Meta,0.5161290322580645,-0.8405951115834219,Emergentes
68498,Ocamonte,68,Santander,0.5171370967741935,-0.5132837407013815,Emergentes
47605,Remolino,47,Magdalena,0.5181451612903225,-0.4027630180658873,Emergentes
73055,Armero,73,Tolima,0.5211693548387097,-0.15409139213602552,Emergentes
76834,Tuluá,76,Valle del Cauca,0.5241935483870968,0.671625929861849,Grandes Creciendo
23464,Momil,23,Córdoba,0.5272177419354838,-0.81615302869288,Emergentes
5021,Alejandría,5,Antioquia,0.528225806451613,-0.563230605738576,Emergentes
47545,Pijiño del Carmen,47,Magdalena,0.53125,-0.5090329436769394,Emergentes
54172,Chinácota,54,Norte de Santander,0.534274193548387,-0.02444208289054195,Emergentes
25785,Tabio,25,Cundinamarca,0.5352822580645162,0.3294367693942615,Grandes Creciendo
15469,Moniquirá,15,Boyacá,0.5362903225806452,0.08926673751328384,Grandes Creciendo
70215,Corozal,70,Sucre,0.5372983870967742,-0.023379383634431483,Emergentes
15759,Sogamoso,15,Boyacá,0.5383064516129032,0.585547290116897,Grandes Creciendo
68755,Socorro,68,Santander,0.5393145161290323,0.07013815090329434,Grandes Creciendo
5380,La Estrella,5,Antioquia,0.5403225806451613,0.49946865037194477,Grandes Creciendo
15407,Villa de Leyva,15,Boyacá,0.5413306451612903,0.2678002125398513,Grandes Creciendo
18460,Milán,18,Caquetá,0.5423387096774193,-0.5802337938363443,Emergentes
41306,Gigante,41,Huila,0.5433467741935485,-0.21466524973432521,Emergentes
25518,Paime,25,Cundinamarca,0.5463709677419355,-0.7120085015940489,Emergentes
23855,Valencia,23,Córdoba,0.5473790322580645,-0.34962805526036134,Emergentes
52696,Santa Bárbara,52,Nariño,0.5504032258064515,-0.40488841657810837,Emergentes
85001,Yopal,85,Casanare,0.5514112903225807,0.5600425079702445,Grandes Creciendo
70717,San Pedro,70,Sucre,0.5524193548387097,-0.640807651434644,Emergentes
73624,Rovira,73,Tolima,0.5554435483870968,-0.3772582359192349,Emergentes
52621,Roberto Payán,52,Nariño,0.5564516129032258,-0.3124335812964931,Emergentes
11001,Bogotá,11,Bogotá,0.559475806451613,1.0,Grandes Creciendo
68235,El Carmen de Chucurí,68,Santander,0.560483870967742,-0.19872476089266733,Emergentes
44560,Manaure,44,La Guajira,0.561491935483871,-0.11477151965993626,Emergentes
13188,Cicuco,13,Bolívar,0.564516129032258,-0.8289054197662061,Emergentes
15494,Nuevo Colón,15,Boyacá,0.5675403225806452,-0.40170031880977686,Emergentes
13222,Clemencia,13,Bolívar,0.5685483870967742,-0.461211477151966,Emergentes
68705,Santa Bárbara,68,Santander,0.5715725806451613,-0.7268862911795961,Emergentes
5440,Marinilla,5,Antioquia,0.5745967741935485,0.361317747077577,Grandes Creciendo
15599,Ramiriquí,15,Boyacá,0.5776209677419355,-0.1732199787460149,Emergentes
52240,Chachagüí,52,Nariño,0.5806451612903225,-0.11264612114771522,Emergentes
23162,Cereté,23,Córdoba,0.5816532258064515,0.08607863974495222,Grandes Creciendo
68720,Santa Helena del Opón,68,Santander,0.5826612903225807,-0.6163655685441021,Emergentes
68745,Simacota,68,Santander,0.5836693548387097,-0.2486716259298618,Emergentes
19075,Balboa,19,Cauca,0.5846774193548387,-0.5961742826780021,Emergentes
8685,Santo Tomás,8,Atlántico,0.5856854838709677,-0.25504782146652494,Emergentes
76892,Yumbo,76,Valle del Cauca,0.5887096774193548,0.7800212539851221,Grandes Creciendo
73001,Ibagué,73,Tolima,0.591733870967742,0.8916046758767269,Grandes Creciendo
15476,Motavita,15,Boyacá,0.592741935483871,-0.45483528161530284,Emergentes
15664,San José de Pare,15,Boyacá,0.5987903225806452,-0.3241232731137088,Emergentes
50006,Acacías,50,Meta,0.5997983870967742,0.4899043570669501,Grandes Creciendo
15753,Soatá,15,Boyacá,0.6028225806451613,-0.29543039319872477,Emergentes
27001,Quibdó,27,Chocó,0.6058467741935485,0.2784272051009564,Grandes Creciendo
5400,La Unión,5,Antioquia,0.6088709677419355,-0.05100956429330494,Emergentes
5315,Guadalupe,5,Antioquia,0.6098790322580645,-0.30818278427205104,Emergentes
18753,San Vicente del Caguán,18,Caquetá,0.6108870967741935,-0.0031880977683315104,Emergentes
18610,San José del Fragua,18,Caquetá,0.6118951612903225,-0.6663124335812964,Emergentes
5040,Anorí,5,Antioquia,0.6129032258064515,-0.31562167906482463,Emergentes
44035,Albania,44,La Guajira,0.6159274193548387,0.2911795961742827,Grandes Creciendo
68079,Barichara,68,Santander,0.6169354838709677,-0.03081827842720508,Emergentes
86568,Puerto Asís,86,Putumayo,0.6179435483870968,-0.2709883103081828,Emergentes
27006,Acandí,27,Chocó,0.6209677419354838,-0.359192348565356,Emergentes
5615,Rionegro,5,Antioquia,0.621975806451613,0.8437832093517534,Grandes Creciendo
68855,Valle de San José,68,Santander,0.625,-0.3251859723698194,Emergentes
5604,Remedios,5,Antioquia,0.626008064516129,-0.30712008501594046,Emergentes
5376,La Ceja,5,Antioquia,0.627016129032258,0.5504782146652498,Grandes Creciendo
99001,Puerto Carreño,99,Vichada,0.628024193548387,-0.12964930924548357,Emergentes
68861,Vélez,68,Santander,0.6310483870967742,0.0031880977683316214,Grandes Creciendo
50400,Lejanías,50,Meta,0.6320564516129032,-0.24335812964930925,Emergentes
15185,Chitaraque,15,Boyacá,0.6350806451612903,-0.4261424017003188,Emergentes
52233,Cumbitara,52,Nariño,0.6381048387096775,-0.9500531349628055,Emergentes
25799,Tenjo,25,Cundinamarca,0.6391129032258065,0.5377258235919236,Grandes Creciendo
25743,Silvania,25,Cundinamarca,0.6401209677419355,0.1328374070138152,Grandes Creciendo
85010,Aguazul,85,Casanare,0.6411290322580645,0.21360255047821464,Grandes Creciendo
5088,Bello,5,Antioquia,0.6421370967741935,0.8087141339001063,Grandes Creciendo
25599,Apulo,25,Cundinamarca,0.6431451612903225,-0.11902231668437835,Emergentes
44420,La Jagua del Pilar,44,La Guajira,0.6441532258064515,-0.8586609989373007,Emergentes
25123,Cachipay,25,Cundinamarca,0.6471774193548387,-0.04782146652497343,Emergentes
25035,Anapoima,25,Cundinamarca,0.6502016129032258,0.5249734325185973,Grandes Creciendo
5318,Guarne,5,Antioquia,0.653225806451613,0.4102019128586609,Grandes Creciendo
5895,Zaragoza,5,Antioquia,0.65625,-0.30393198724760895,Emergentes
70820,Santiago de Tolú,70,Sucre,0.657258064516129,0.26142401700318807,Grandes Creciendo
5501,Olaya,5,Antioquia,0.658266129032258,-0.3358129649309245,Emergentes
25290,Fusagasugá,25,Cundinamarca,0.6612903225806452,0.6556854410201913,Grandes Creciendo
44430,Maicao,44,La Guajira,0.6622983870967742,0.1392136025504782,Grandes Creciendo
5628,Sabanalarga,5,Antioquia,0.6633064516129032,-0.6099893730074388,Emergentes
5667,San Rafael,5,Antioquia,0.6663306451612903,-0.20510095642933046,Emergentes
13688,Santa Rosa del Sur,13,Bolívar,0.6673387096774193,-0.2720510095642933,Emergentes
18592,Puerto Rico,18,Caquetá,0.6703629032258065,-0.1849096705632306,Emergentes
86757,San Miguel,86,Putumayo,0.6713709677419355,-0.6291179596174283,Emergentes
20032,Astrea,20,Cesar,0.6723790322580645,-0.5791710945802337,Emergentes
52427,Magüi,52,Nariño,0.6733870967741935,-0.6726886291179597,Emergentes
5858,Vegachí,5,Antioquia,0.6794354838709677,-0.17959617428267804,Emergentes
5042,Santafé de Antioquia,5,Antioquia,0.6804435483870968,0.3326248671625931,Grandes Creciendo
13683,Santa Rosa,13,Bolívar,0.6814516129032258,-0.19766206163655686,Emergentes
99773,Cumaribo,99,Vichada,0.6824596774193548,0.01700318809776835,Grandes Creciendo
15500,Oicatá,15,Boyacá,0.6834677419354838,-0.4112646121147715,Emergentes
25596,Quipile,25,Cundinamarca,0.684475806451613,-0.5302869287991498,Emergentes
15325,Guayatá,15,Boyacá,0.685483870967742,-0.5079702444208289,Emergentes
25328,Guayabal de Siquima,25,Cundinamarca,0.686491935483871,-0.39851222104144524,Emergentes
50711,Vistahermosa,50,Meta,0.6875,-0.3400637619553666,Emergentes
18001,Florencia,18,Caquetá,0.688508064516129,0.5345377258235919,Grandes Creciendo
18029,Albania,18,Caquetá,0.6915322580645162,-0.7247608926673752,Emergentes
23419,Los Córdobas,23,Córdoba,0.6945564516129032,-0.19447396386822524,Emergentes
27075,Bahía Solano,27,Chocó,0.6955645161290323,-0.7396386822529224,Emergentes
5819,Toledo,5,Antioquia,0.6985887096774193,-0.6641870350690755,Emergentes
25736,Sesquilé,25,Cundinamarca,0.7016129032258065,0.2518597236981934,Grandes Creciendo
15822,Tota,15,Boyacá,0.7076612903225807,-0.5536663124335812,Emergentes
68152,Carcasí,68,Santander,0.7086693548387097,-0.6078639744952179,Emergentes
8433,Malambo,8,Atlántico,0.7096774193548387,0.23910733262486716,Grandes Creciendo
50270,El Dorado,50,Meta,0.7127016129032258,-0.5706695005313496,Emergentes
76364,Jamundí,76,Valle del Cauca,0.7137096774193548,0.6397449521785334,Grandes Creciendo
23090,Canalete,23,Córdoba,0.716733870967742,-0.1997874601487779,Emergentes
25126,Cajicá,25,Cundinamarca,0.719758064516129,0.6110520722635495,Grandes Creciendo
20013,Agustín Codazzi,20,Cesar,0.7227822580645162,0.17428267800212538,Grandes Creciendo
5607,Retiro,5,Antioquia,0.7258064516129032,0.5823591923485654,Grandes Creciendo
5790,Tarazá,5,Antioquia,0.7268145161290323,-0.31455897980871417,Emergentes
13030,Altos del Rosario,13,Bolívar,0.7278225806451613,-0.924548352816153,Emergentes
44847,Uribia,44,La Guajira,0.7308467741935485,0.43889479277364507,Grandes Creciendo
50577,Puerto Lleras,50,Meta,0.7338709677419355,-0.15621679064824656,Emergentes
5576,Pueblorrico,5,Antioquia,0.7368951612903225,-0.3134962805526036,Emergentes
70670,Sampués,70,Sucre,0.7379032258064515,-0.4824654622741764,Emergentes
15001,Tunja,15,Boyacá,0.7409274193548387,0.7863974495217854,Grandes Creciendo
27150,Carmen del Darien,27,Chocó,0.7439516129032258,0.11264612114771522,Grandes Creciendo
41615,Rivera,41,Huila,0.746975806451613,-0.1509032943676939,Emergentes
5125,Caicedo,5,Antioquia,0.75,-0.7141339001062699,Emergentes
5197,Cocorná,5,Antioquia,0.751008064516129,-0.3018065887353879,Emergentes
50568,Puerto Gaitán,50,Meta,0.752016129032258,0.3007438894792773,Grandes Creciendo
27372,Juradó,27,Chocó,0.753024193548387,-0.03188097768331566,Emergentes
52001,Pasto,52,Nariño,0.7560483870967742,0.7704569606801275,Grandes Creciendo
18150,Cartagena del Chairá,18,Caquetá,0.7590725806451613,-0.0488841657810839,Emergentes
99524,La Primavera,99,Vichada,0.7600806451612903,-0.21253985122210417,Emergentes
8141,Candelaria,8,Atlántico,0.7631048387096775,-0.7587672688629118,Emergentes
5893,Yondó,5,Antioquia,0.7661290322580645,0.03081827842720508,Grandes Creciendo
47703,San Zenón,47,Magdalena,0.7671370967741935,-0.6684378320935176,Emergentes
19130,Cajibío,19,Cauca,0.7681451612903225,-0.18597236981934118,Emergentes
20750,San Diego,20,Cesar,0.7691532258064515,-0.41339001062699254,Emergentes
97666,Taraira,97,Vaupés,0.7721774193548387,-0.060573857598299696,Emergentes
5172,Chigorodó,5,Antioquia,0.7752016129032258,0.2709883103081827,Grandes Creciendo
25473,Mosquera,25,Cundinamarca,0.7762096774193548,0.6493092454835281,Grandes Creciendo
18094,Belén de los Andaquies,18,Caquetá,0.779233870967742,-0.27417640807651433,Emergentes
25754,Soacha,25,Cundinamarca,0.780241935483871,0.7098831030818278,Grandes Creciendo
25214,Cota,25,Cundinamarca,0.783266129032258,0.5791710945802337,Grandes Creciendo
68464,Mogotes,68,Santander,0.784274193548387,-0.2678002125398512,Emergentes
44110,El Molino,44,La Guajira,0.7872983870967742,-0.9256110520722636,Emergentes
68092,Betulia,68,Santander,0.7883064516129032,-0.3209351753453773,Emergentes
41524,Palermo,41,Huila,0.7913306451612903,0.02444208289054206,Grandes Creciendo
18410,La Montañita,18,Caquetá,0.7923387096774193,-0.2635494155154091,Emergentes
5697,El Santuario,5,Antioquia,0.7953629032258065,0.150903294367694,Grandes Creciendo
5736,Segovia,5,Antioquia,0.7963709677419355,-0.0414452709883103,Emergentes
5674,San Vicente,5,Antioquia,0.7973790322580645,-0.05526036131774703,Emergentes
20787,Tamalameque,20,Cesar,0.8004032258064515,-0.4643995749202976,Emergentes
68276,Floridablanca,68,Santander,0.8034274193548387,0.8246546227417642,Grandes Creciendo
5837,Turbo,5,Antioquia,0.809475806451613,0.34218916046758774,Grandes Creciendo
91001,Leticia,91,Amazonas,0.8125,0.21253985122210417,Grandes Creciendo
5120,Cáceres,5,Antioquia,0.815524193548387,-0.230605738575983,Emergentes
85410,Tauramena,85,Casanare,0.8165322580645162,0.19128586609989373,Grandes Creciendo
68081,Barrancabermeja,68,Santander,0.8225806451612903,0.7003188097768331,Grandes Creciendo
23815,Tuchín,23,Córdoba,0.8286290322580645,-0.9213602550478215,Emergentes
27745,Sipí,27,Chocó,0.8296370967741935,-0.2975557917109458,Emergentes
15764,Soracá,15,Boyacá,0.8326612903225807,-0.37938363443145595,Emergentes
47980,Zona Bananera,47,Magdalena,0.8387096774193548,0.006376195536663021,Grandes Creciendo
25878,Viotá,25,Cundinamarca,0.8397177419354838,-0.1094580233793836,Emergentes
50573,Puerto López,50,Meta,0.842741935483871,0.5090329436769394,Grandes Creciendo
25386,La Mesa,25,Cundinamarca,0.845766129032258,0.4325185972369818,Grandes Creciendo
5631,Sabaneta,5,Antioquia,0.846774193548387,0.7608926673751328,Grandes Creciendo
25402,La Vega,25,Cundinamarca,0.8477822580645162,0.28799149840595106,Grandes Creciendo
54405,Los Patios,54,Norte de Santander,0.8487903225806452,0.461211477151966,Grandes Creciendo
47675,Salamina,47,Magdalena,0.8518145161290323,-0.6854410201912859,Emergentes
5480,Mutatá,5,Antioquia,0.8548387096774193,-0.2518597236981934,Emergentes
17873,Villamaría,17,Caldas,0.8608870967741935,0.32306057385759823,Grandes Creciendo
13430,Magangué,13,Bolívar,0.8639112903225807,0.11795961742826777,Grandes Creciendo
27413,Lloró,27,Chocó,0.8649193548387097,-0.36344314558979807,Emergentes
8296,Galapa,8,Atlántico,0.8659274193548387,0.14984059511158332,Grandes Creciendo
68307,Girón,68,Santander,0.8689516129032258,0.5664187035069075,Grandes Creciendo
20001,Valledupar,20,Cesar,0.871975806451613,0.744952178533475,Grandes Creciendo
23580,Puerto Libertador,23,Córdoba,0.872983870967742,-0.27311370882040387,Emergentes
68250,El Peñón,68,Santander,0.873991935483871,-0.7917109458023379,Emergentes
20383,La Gloria,20,Cesar,0.8800403225806452,-0.14133900106269925,Emergentes
5310,Gómez Plata,5,Antioquia,0.8830645161290323,-0.3198724760892667,Emergentes
25183,Chocontá,25,Cundinamarca,0.8840725806451613,0.20935175345377255,Grandes Creciendo
50590,Puerto Rico,50,Meta,0.8850806451612903,-0.2784272051009564,Emergentes
13838,Turbaná,13,Bolívar,0.8860887096774193,-0.07438894792773643,Emergentes
5761,Sopetrán,5,Antioquia,0.8870967741935485,0.1551540913921361,Grandes Creciendo
68547,Piedecuesta,68,Santander,0.8931451612903225,0.6907545164718385,Grandes Creciendo
27250,El Litoral del San Juan,27,Chocó,0.8961693548387097,-0.07970244420828909,Emergentes
25817,Tocancipá,25,Cundinamarca,0.9022177419354838,0.6301806588735388,Grandes Creciendo
85139,Maní,85,Casanare,0.905241935483871,0.07651434643995758,Grandes Creciendo
5148,El Carmen de Viboral,5,Antioquia,0.9143145161290323,0.4643995749202976,Grandes Creciendo
50325,Mapiripán,50,Meta,0.9173387096774193,-0.5356004250797024,Emergentes
68406,Lebríja,68,Santander,0.9183467741935485,0.32624867162592985,Grandes Creciendo
19318,Guapi,19,Cauca,0.9213709677419355,-0.7502656748140276,Emergentes
73349,Honda,73,Tolima,0.9243951612903225,0.12221041445270986,Grandes Creciendo
86219,Colón,86,Putumayo,0.9274193548387097,-0.7375132837407015,Emergentes
20178,Chiriguaná,20,Cesar,0.9284274193548387,-0.17534537725823596,Emergentes
70678,San Benito Abad,70,Sucre,0.9375,-0.2231668437832094,Emergentes
20250,El Paso,20,Cesar,0.938508064516129,-0.22422954303931986,Emergentes
18205,Curillo,18,Caquetá,0.9415322580645162,-0.7343251859723698,Emergentes
27660,San José del Palmar,27,Chocó,0.9425403225806452,-0.8756641870350691,Emergentes
5154,Caucasia,5,Antioquia,0.9485887096774193,0.177470775770457,Grandes Creciendo
25175,Chía,25,Cundinamarca,0.9546370967741935,0.8182784272051009,Grandes Creciendo
99624,Santa Rosalía,99,Vichada,0.9637096774193548,-0.6599362380446334,Emergentes
5490,Necoclí,5,Antioquia,0.9727822580645162,0.0,Emergentes
25286,Funza,25,Cundinamarca,0.9818548387096775,0.6620616365568543,Grandes Creciendo
86865,Valle del Guamuez,86,Putumayo,0.9848790322580645,-0.29330499468650373,Emergentes
50450,Puerto Concordia,50,Meta,1.0,-0.3953241232731137,Emergentes
